ANNEE;COMMUNE;INSEE
"2012";"WIMILLE";"62894"
"2015";"BEAUMETZ-LES-LOGES";"62097"
"2013";"ANICHE";"59008"
"2013";"ANICHE";"59008"
"2016";"NOUVELLE-EGLISE";"62623"
"2017";"QUESQUES";"62678"
"2016";"TOURNEHEM-SUR-LA-HEM";"62827"
"2016";"TOURNEHEM-SUR-LA-HEM";"62827"
"2013";"QUAROUBLE";"59479"
"2014";"QUESNOY-SUR-DEULE";"59482"
"2018";"ANNEZIN";"62035"
"2019";"DENAIN";"59172"
"2014";"CAUDRY";"59139"
"2014";"CAUDRY";"59139"
"2015";"MERCK-SAINT-LIEVIN";"62569"
"2015";"MERCK-SAINT-LIEVIN";"62569"
"2015";"MERCK-SAINT-LIEVIN";"62569"
"2015";"MERCK-SAINT-LIEVIN";"62569"
"2015";"MERCK-SAINT-LIEVIN";"62569"
"2015";"MERCK-SAINT-LIEVIN";"62569"
"2015";"MERCK-SAINT-LIEVIN";"62569"
"2015";"MERCK-SAINT-LIEVIN";"62569"
"2015";"PERNES";"62652"
"2002";"TOURCOING";"59599"
"2002";"TOURCOING";"59599"
"2002";"TOURCOING";"59599"
"2002";"TOURCOING";"59599"
"2002";"TOURCOING";"59599"
"2002";"TOURCOING";"59599"
"2002";"TOURCOING";"59599"
"2002";"TOURCOING";"59599"
"2002";"TOURCOING";"59599"
"2002";"TOURCOING";"59599"
"2002";"TOURCOING";"59599"
"2002";"TOURCOING";"59599"
"2002";"TOURCOING";"59599"
"2002";"TOURCOING";"59599"
"2002";"TOURCOING";"59599"
"2002";"TOURCOING";"59599"
"2002";"TOURCOING";"59599"
"2002";"TOURCOING";"59599"
"2002";"TOURCOING";"59599"
"2002";"TOURCOING";"59599"
"2002";"TOURCOING";"59599"
"2013";"MERVILLE";"59400"
"2012";"ANNEQUIN";"62034"
"2013";"ANZIN";"59014"
"2013";"ANZIN";"59014"
"2013";"ANZIN";"59014"
"2013";"ANZIN";"59014"
"2013";"ANZIN";"59014"
"2013";"ANZIN";"59014"
"2013";"ANZIN";"59014"
"2013";"ANZIN";"59014"
"2013";"ANZIN";"59014"
"2013";"ANZIN";"59014"
"2013";"ANZIN";"59014"
"2009";"QUIEVRECHAIN";"59484"
"2017";"CANTIN";"59126"
"2013";"SAINT-NICOLAS";"62764"
"2015";"FAMPOUX";"62323"
"2014";"HEM";"59299"
"2017";"HENIN-BEAUMONT";"62427"
"2014";"ROUBAIX";"59512"
"2014";"ROUBAIX";"59512"
"2014";"ROUBAIX";"59512"
"2014";"ROUBAIX";"59512"
"2014";"ROUBAIX";"59512"
"2014";"ROUBAIX";"59512"
"2014";"ROUBAIX";"59512"
"2014";"ROUBAIX";"59512"
"2014";"ROUBAIX";"59512"
"2014";"ROUBAIX";"59512"
"2014";"ROUBAIX";"59512"
"2014";"ROUBAIX";"59512"
"2014";"ROUBAIX";"59512"
"2014";"ROUBAIX";"59512"
"2014";"ROUBAIX";"59512"
"2014";"ROUBAIX";"59512"
"2014";"ROUBAIX";"59512"
"2014";"ROUBAIX";"59512"
"2014";"ROUBAIX";"59512"
"2014";"ROUBAIX";"59512"
"2014";"ROUBAIX";"59512"
"2014";"ROUBAIX";"59512"
"2014";"ROUBAIX";"59512"
"2007";"BAILLEUL";"59043"
"2010";"MOUCHIN";"59419"
"2016";"CONDETTE";"62235"
"2018";"BAINGHEN";"62076"
"2016";"ROUBAIX";"59512"
"2016";"ROUBAIX";"59512"
"2016";"ROUBAIX";"59512"
"2016";"ROUBAIX";"59512"
"2016";"ROUBAIX";"59512"
"2016";"ROUBAIX";"59512"
"2016";"ROUBAIX";"59512"
"2016";"ROUBAIX";"59512"
"2016";"ROUBAIX";"59512"
"2016";"ROUBAIX";"59512"
"2016";"ROUBAIX";"59512"
"2016";"ROUBAIX";"59512"
"2016";"ROUBAIX";"59512"
"2016";"ROUBAIX";"59512"
"2016";"ROUBAIX";"59512"
"2016";"ROUBAIX";"59512"
"2016";"ROUBAIX";"59512"
"2016";"ROUBAIX";"59512"
"2016";"ROUBAIX";"59512"
"2016";"ROUBAIX";"59512"
"2016";"ROUBAIX";"59512"
"2016";"ROUBAIX";"59512"
"2016";"ROUBAIX";"59512"
"2016";"ROUBAIX";"59512"
"2016";"ROUBAIX";"59512"
"2016";"ROUBAIX";"59512"
"2016";"ROUBAIX";"59512"
"2016";"ROUBAIX";"59512"
"2016";"ROUBAIX";"59512"
"2016";"ROUBAIX";"59512"
"2016";"ROUBAIX";"59512"
"2016";"ROUBAIX";"59512"
"2016";"ROUBAIX";"59512"
"2016";"ROUBAIX";"59512"
"2016";"ROUBAIX";"59512"
"2016";"ROUBAIX";"59512"
"2016";"ROUBAIX";"59512"
"2016";"ROUBAIX";"59512"
"2016";"ROUBAIX";"59512"
"2011";"MARLY";"59383"
"2011";"MARLY";"59383"
"2011";"MARLY";"59383"
"2011";"LEULINGHEN-BERNES";"62505"
"2003";"BETHUNE";"62119"
"2007";"MAUBEUGE";"59392"
"2007";"MAUBEUGE";"59392"
"2007";"MAUBEUGE";"59392"
"2004";"NEUVILLE-SAINT-REMY";"59428"
"2017";"FOURMIES";"59249"
"2010";"GRAVELINES";"59273"
"2013";"CYSOING";"59168"
"2011";"ACQ";"62007"
"2011";"ACQ";"62007"
"2010";"ANNEZIN";"62035"
"2005";"FAUQUEMBERGUES";"62325"
"2009";"LEFOREST";"62497"
"2013";"BEUVRY-LA-FORET";"59080"
"2014";"CAPPELLE-BROUCK";"59130"
"2001";"TOURCOING";"59599"
"2001";"TOURCOING";"59599"
"2001";"TOURCOING";"59599"
"2001";"TOURCOING";"59599"
"2001";"TOURCOING";"59599"
"2001";"TOURCOING";"59599"
"2001";"TOURCOING";"59599"
"2001";"TOURCOING";"59599"
"2001";"TOURCOING";"59599"
"2001";"TOURCOING";"59599"
"2001";"TOURCOING";"59599"
"2001";"TOURCOING";"59599"
"2001";"TOURCOING";"59599"
"2001";"TOURCOING";"59599"
"2001";"TOURCOING";"59599"
"2001";"TOURCOING";"59599"
"2001";"TOURCOING";"59599"
"2001";"TOURCOING";"59599"
"2013";"DOURGES";"62274"
"2008";"FRESNES-SUR-ESCAUT";"59253"
"2008";"FRESNES-SUR-ESCAUT";"59253"
"2009";"HERIN";"59302"
"2009";"HERIN";"59302"
"2011";"LE WAST";"62880"
"2011";"LE WAST";"62880"
"2011";"LE WAST";"62880"
"2011";"LE WAST";"62880"
"2011";"LE WAST";"62880"
"2011";"LE WAST";"62880"
"2011";"LE WAST";"62880"
"2011";"LE WAST";"62880"
"2010";"LEFOREST";"62497"
"2015";"AULNOYE-AYMERIES";"59033"
"2012";"FOURMIES";"59249"
"2012";"FOURMIES";"59249"
"2008";"AULNOY-LEZ-VALENCIENNES";"59032"
"2016";"ISBERGUES";"62473"
"2013";"TEMPLEUVE-EN-PEVELE";"59586"
"2006";"DROCOURT";"62277"
"2004";"CARVIN";"62215"
"2004";"CARVIN";"62215"
"2004";"CARVIN";"62215"
"2004";"CARVIN";"62215"
"2004";"CARVIN";"62215"
"2004";"CARVIN";"62215"
"2004";"CARVIN";"62215"
"2004";"CARVIN";"62215"
"2004";"CARVIN";"62215"
"2004";"CARVIN";"62215"
"2015";"AUBY";"59028"
"2015";"AUBY";"59028"
"2015";"AUBY";"59028"
"2018";"MAING";"59369"
"2019";"ESTAIRES";"59212"
"2019";"ESTAIRES";"59212"
"2014";"ISBERGUES";"62473"
"2014";"ESCAUDŒUVRES";"59206"
"2004";"LEWARDE";"59345"
"2013";"BETHUNE";"62119"
"2013";"BETHUNE";"62119"
"2013";"BETHUNE";"62119"
"2013";"BETHUNE";"62119"
"2007";"AVION";"62065"
"2016";"SAINT-LAURENT-BLANGY";"62753"
"2016";"SAINT-LAURENT-BLANGY";"62753"
"2016";"SAINT-LAURENT-BLANGY";"62753"
"2016";"SAINT-LAURENT-BLANGY";"62753"
"2005";"NOYELLES-SOUS-LENS";"62628"
"2005";"NOYELLES-SOUS-LENS";"62628"
"2005";"NOYELLES-SOUS-LENS";"62628"
"2005";"NOYELLES-SOUS-LENS";"62628"
"2005";"NOYELLES-SOUS-LENS";"62628"
"2005";"NOYELLES-SOUS-LENS";"62628"
"2013";"HAVELUY";"59292"
"2004";"LOUVROIL";"59365"
"2004";"LOUVROIL";"59365"
"2013";"HERSIN-COUPIGNY";"62443"
"2014";"SAINT-LAURENT-BLANGY";"62753"
"2014";"SAINT-LAURENT-BLANGY";"62753"
"2014";"SAINT-LAURENT-BLANGY";"62753"
"2011";"COUDEKERQUE-BRANCHE";"59155"
"2011";"COUDEKERQUE-BRANCHE";"59155"
"2011";"COUDEKERQUE-BRANCHE";"59155"
"2017";"VIEUX-CONDE";"59616"
"2017";"VIEUX-CONDE";"59616"
"2017";"VIEUX-CONDE";"59616"
"2017";"VIEUX-CONDE";"59616"
"2017";"VIEUX-CONDE";"59616"
"2018";"VRED";"59629"
"2006";"MERVILLE";"59400"
"2018";"SAINT-NICOLAS";"62764"
"2018";"SAINT-NICOLAS";"62764"
"2006";"ANZIN";"59014"
"2010";"DOURGES";"62274"
"2010";"DOURGES";"62274"
"2018";"ANZIN";"59014"
"2018";"ANZIN";"59014"
"2018";"ANZIN";"59014"
"2018";"ANZIN";"59014"
"2012";"LOUVROIL";"59365"
"2012";"LOUVROIL";"59365"
"2012";"LOUVROIL";"59365"
"2012";"LOUVROIL";"59365"
"2017";"CARVIN";"62215"
"2017";"CARVIN";"62215"
"2005";"SAINT-VENANT";"62770"
"2016";"ODOMEZ";"59444"
"2017";"LOUVROIL";"59365"
"2017";"LOUVROIL";"59365"
"2017";"LOUVROIL";"59365"
"2017";"LOUVROIL";"59365"
"2017";"LOUVROIL";"59365"
"2017";"LOUVROIL";"59365"
"2017";"LOUVROIL";"59365"
"2017";"LOUVROIL";"59365"
"2017";"TRELON";"59601"
"2017";"TRELON";"59601"
"2012";"CARVIN";"62215"
"2012";"CARVIN";"62215"
"2009";"BOUQUEHAULT";"62161"
"2009";"BOUQUEHAULT";"62161"
"2005";"ESCAUDAIN";"59205"
"2005";"ESCAUDAIN";"59205"
"2005";"ESCAUDAIN";"59205"
"2005";"ESCAUDAIN";"59205"
"2005";"ESCAUDAIN";"59205"
"2014";"ARRAS";"62041"
"2014";"ARRAS";"62041"
"2006";"QUAROUBLE";"59479"
"2006";"QUAROUBLE";"59479"
"2006";"QUAROUBLE";"59479"
"2006";"QUAROUBLE";"59479"
"2006";"QUAROUBLE";"59479"
"2006";"QUAROUBLE";"59479"
"2006";"QUAROUBLE";"59479"
"2016";"AULNOYE-AYMERIES";"59033"
"2016";"AULNOYE-AYMERIES";"59033"
"2016";"AULNOYE-AYMERIES";"59033"
"2016";"AULNOYE-AYMERIES";"59033"
"2016";"AULNOYE-AYMERIES";"59033"
"2016";"AULNOYE-AYMERIES";"59033"
"2016";"AULNOYE-AYMERIES";"59033"
"2016";"AULNOYE-AYMERIES";"59033"
"2016";"AULNOYE-AYMERIES";"59033"
"2007";"WATTRELOS";"59650"
"2007";"WATTRELOS";"59650"
"2013";"GRAVELINES";"59273"
"2016";"ARRAS";"62041"
"2016";"ARRAS";"62041"
"2016";"BOUSBECQUE";"59098"
"2009";"TEMPLEUVE-EN-PEVELE";"59586"
"2009";"TEMPLEUVE-EN-PEVELE";"59586"
"2015";"ISBERGUES";"62473"
"2015";"ISBERGUES";"62473"
"2015";"ISBERGUES";"62473"
"2007";"GONNEHEM";"62376"
"2004";"LE PORTEL";"62667"
"2014";"AUBY";"59028"
"2014";"AUBY";"59028"
"2013";"BAINGHEN";"62076"
"2013";"BAINGHEN";"62076"
"2013";"BAINGHEN";"62076"
"2013";"BAINGHEN";"62076"
"2009";"LAUWIN-PLANQUE";"59334"
"2009";"BETHUNE";"62119"
"2009";"BETHUNE";"62119"
"2009";"BETHUNE";"62119"
"2009";"BETHUNE";"62119"
"2009";"BETHUNE";"62119"
"2009";"BETHUNE";"62119"
"2009";"BETHUNE";"62119"
"2009";"BETHUNE";"62119"
"2009";"BETHUNE";"62119"
"2009";"BETHUNE";"62119"
"2009";"BETHUNE";"62119"
"2011";"EVIN-MALMAISON";"62321"
"2007";"BRUAY-LA-BUISSIERE";"62178"
"2016";"HOUCHIN";"62456"
"2010";"BETHUNE";"62119"
"2014";"WIGNEHIES";"59659"
"2015";"SAINT-LAURENT-BLANGY";"62753"
"2015";"SAINT-LAURENT-BLANGY";"62753"
"2015";"SAINT-LAURENT-BLANGY";"62753"
"2015";"SAINT-LAURENT-BLANGY";"62753"
"2015";"SAINT-LAURENT-BLANGY";"62753"
"2014";"MARPENT";"59385"
"2010";"TEMPLEUVE-EN-PEVELE";"59586"
"2018";"HAMEL";"59280"
"2016";"MARPENT";"59385"
"2012";"BEAUVOIR-WAVANS";"62881"
"2016";"WIGNEHIES";"59659"
"2015";"NOUVELLE-EGLISE";"62623"
"2015";"QUESNOY-SUR-DEULE";"59482"
"2009";"ANICHE";"59008"
"2009";"ANICHE";"59008"
"2007";"AUBIGNY-EN-ARTOIS";"62045"
"2016";"BEAUMETZ-LES-LOGES";"62097"
"2010";"SAINT-NICOLAS";"62764"
"2016";"MERCK-SAINT-LIEVIN";"62569"
"2016";"MERCK-SAINT-LIEVIN";"62569"
"2016";"MERCK-SAINT-LIEVIN";"62569"
"2016";"MERCK-SAINT-LIEVIN";"62569"
"2016";"MERCK-SAINT-LIEVIN";"62569"
"2015";"WALLERS-EN-FAGNE";"59633"
"2010";"HOUTKERQUE";"59318"
"2004";"HENIN-BEAUMONT";"62427"
"2003";"GRAVELINES";"59273"
"2007";"CAPPELLE-EN-PEVELE";"59129"
"2016";"BAISIEUX";"59044"
"2016";"BAISIEUX";"59044"
"2010";"ANZIN";"59014"
"2010";"ANZIN";"59014"
"2010";"ANZIN";"59014"
"2010";"ANZIN";"59014"
"2007";"LENS";"62498"
"2007";"LENS";"62498"
"2007";"LENS";"62498"
"2007";"LENS";"62498"
"2007";"LENS";"62498"
"2007";"LENS";"62498"
"2007";"LENS";"62498"
"2007";"LENS";"62498"
"2007";"LENS";"62498"
"2007";"LENS";"62498"
"2007";"LENS";"62498"
"2007";"LENS";"62498"
"2007";"LENS";"62498"
"2007";"LENS";"62498"
"2007";"LENS";"62498"
"2007";"LENS";"62498"
"2005";"NEUFCHATEL-HARDELOT";"62604"
"2012";"NIEPPE";"59431"
"2012";"NIEPPE";"59431"
"2012";"NIEPPE";"59431"
"2009";"CURGIES";"59166"
"2017";"SARS-POTERIES";"59555"
"2009";"ANZIN";"59014"
"2009";"ANZIN";"59014"
"2009";"ANZIN";"59014"
"2018";"CYSOING";"59168"
"2011";"FRESNES-SUR-ESCAUT";"59253"
"2015";"LOOS-EN-GOHELLE";"62528"
"2015";"LOOS-EN-GOHELLE";"62528"
"2015";"LOOS-EN-GOHELLE";"62528"
"2011";"NEUF-BERQUIN";"59423"
"2012";"GRAND-FORT-PHILIPPE";"59272"
"2010";"LOURCHES";"59361"
"2010";"LOURCHES";"59361"
"2010";"LOURCHES";"59361"
"2010";"LOURCHES";"59361"
"2010";"LOURCHES";"59361"
"2010";"LOURCHES";"59361"
"2010";"LOURCHES";"59361"
"2010";"LOURCHES";"59361"
"2010";"LOURCHES";"59361"
"2016";"ESCAUTPONT";"59207"
"2016";"ESCAUTPONT";"59207"
"2016";"ESCAUTPONT";"59207"
"2016";"ESCAUTPONT";"59207"
"2016";"ESCAUTPONT";"59207"
"2005";"DENAIN";"59172"
"2009";"BEUVRY";"62126"
"2016";"NORRENT-FONTES";"62620"
"2016";"NORRENT-FONTES";"62620"
"2018";"BETHUNE";"62119"
"2018";"BETHUNE";"62119"
"2018";"BETHUNE";"62119"
"2010";"TETEGHEM";"59588"
"2019";"LILLE";"59350"
"2002";"VALENCIENNES";"59606"
"2002";"VALENCIENNES";"59606"
"2015";"ROUBAIX";"59512"
"2015";"ROUBAIX";"59512"
"2015";"ROUBAIX";"59512"
"2015";"ROUBAIX";"59512"
"2015";"ROUBAIX";"59512"
"2015";"ROUBAIX";"59512"
"2015";"ROUBAIX";"59512"
"2015";"ROUBAIX";"59512"
"2015";"ROUBAIX";"59512"
"2015";"ROUBAIX";"59512"
"2015";"ROUBAIX";"59512"
"2015";"ROUBAIX";"59512"
"2015";"ROUBAIX";"59512"
"2015";"ROUBAIX";"59512"
"2015";"ROUBAIX";"59512"
"2015";"ROUBAIX";"59512"
"2015";"ROUBAIX";"59512"
"2015";"ROUBAIX";"59512"
"2015";"ROUBAIX";"59512"
"2015";"ROUBAIX";"59512"
"2015";"ROUBAIX";"59512"
"2015";"ROUBAIX";"59512"
"2015";"ROUBAIX";"59512"
"2015";"ROUBAIX";"59512"
"2015";"ROUBAIX";"59512"
"2015";"ROUBAIX";"59512"
"2015";"ROUBAIX";"59512"
"2015";"ROUBAIX";"59512"
"2015";"ROUBAIX";"59512"
"2015";"ROUBAIX";"59512"
"2015";"ROUBAIX";"59512"
"2006";"BETHUNE";"62119"
"2006";"BETHUNE";"62119"
"2006";"BETHUNE";"62119"
"2006";"BETHUNE";"62119"
"2009";"LOURCHES";"59361"
"2009";"LOURCHES";"59361"
"2009";"LOURCHES";"59361"
"2009";"LOURCHES";"59361"
"2009";"LOURCHES";"59361"
"2004";"SIN-LE-NOBLE";"59569"
"2004";"SIN-LE-NOBLE";"59569"
"2005";"FLERS-EN-ESCREBIEUX";"59234"
"2007";"LOUVROIL";"59365"
"2007";"LOUVROIL";"59365"
"2016";"HAZEBROUCK";"59295"
"2016";"HAZEBROUCK";"59295"
"2009";"SAINT-MARTIN-BOULOGNE";"62758"
"2010";"COUDEKERQUE-BRANCHE";"59155"
"2010";"COUDEKERQUE-BRANCHE";"59155"
"2017";"WATTRELOS";"59650"
"2017";"WATTRELOS";"59650"
"2017";"WATTRELOS";"59650"
"2017";"RENTY";"62704"
"2017";"RENTY";"62704"
"2007";"CALONNE-SUR-LA-LYS";"62195"
"2018";"MARLY";"59383"
"2010";"SAINT-MARTIN-BOULOGNE";"62758"
"2012";"WATTRELOS";"59650"
"2012";"WATTRELOS";"59650"
"2012";"WATTRELOS";"59650"
"2012";"WATTRELOS";"59650"
"2012";"WATTRELOS";"59650"
"2011";"MARCONNE";"62549"
"2007";"CARVIN";"62215"
"2007";"CARVIN";"62215"
"2007";"CARVIN";"62215"
"2007";"CARVIN";"62215"
"2008";"LOURCHES";"59361"
"2008";"LOURCHES";"59361"
"2003";"FRESNES-SUR-ESCAUT";"59253"
"2003";"FRESNES-SUR-ESCAUT";"59253"
"2012";"BRUAY-LA-BUISSIERE";"62178"
"2012";"HOUPLINES";"59317"
"2012";"HOUPLINES";"59317"
"2012";"HOUPLINES";"59317"
"2011";"LEFOREST";"62497"
"2012";"DUNKERQUE";"59183"
"2012";"DUNKERQUE";"59183"
"2012";"DUNKERQUE";"59183"
"2012";"DUNKERQUE";"59183"
"2012";"DUNKERQUE";"59183"
"2012";"ESQUELBECQ";"59210"
"2010";"FRUGES";"62364"
"2009";"ACQ";"62007"
"2008";"CURGIES";"59166"
"2008";"CURGIES";"59166"
"2009";"FRUGES";"62364"
"2009";"FRUGES";"62364"
"2009";"FRUGES";"62364"
"2009";"FRUGES";"62364"
"2001";"ROUBAIX";"59512"
"2001";"ROUBAIX";"59512"
"2001";"ROUBAIX";"59512"
"2001";"ROUBAIX";"59512"
"2001";"ROUBAIX";"59512"
"2001";"ROUBAIX";"59512"
"2001";"ROUBAIX";"59512"
"2001";"ROUBAIX";"59512"
"2001";"ROUBAIX";"59512"
"2001";"ROUBAIX";"59512"
"2001";"ROUBAIX";"59512"
"2001";"ROUBAIX";"59512"
"2001";"ROUBAIX";"59512"
"2001";"ROUBAIX";"59512"
"2001";"ROUBAIX";"59512"
"2001";"ROUBAIX";"59512"
"2001";"ROUBAIX";"59512"
"2001";"ROUBAIX";"59512"
"2001";"ROUBAIX";"59512"
"2001";"ROUBAIX";"59512"
"2001";"ROUBAIX";"59512"
"2001";"ROUBAIX";"59512"
"2008";"ANZIN";"59014"
"2008";"ANZIN";"59014"
"2008";"ANZIN";"59014"
"2008";"ANZIN";"59014"
"2016";"FRESSIES";"59255"
"2014";"GUINES";"62397"
"2014";"GUINES";"62397"
"2014";"GUINES";"62397"
"2014";"GUINES";"62397"
"2016";"DOUAI";"59178"
"2018";"MOUVAUX";"59421"
"2017";"BRUAY-LA-BUISSIERE";"62178"
"2014";"BONDUES";"59090"
"2014";"BONDUES";"59090"
"2002";"OHAIN";"59445"
"2012";"WAVRANS-SUR-L'AA";"62882"
"2017";"HOUPLINES";"59317"
"2017";"HOUPLINES";"59317"
"2017";"HOUPLINES";"59317"
"2017";"HOUPLINES";"59317"
"2017";"HOUPLINES";"59317"
"2017";"HOUPLINES";"59317"
"2017";"HOUPLINES";"59317"
"2017";"HOUPLINES";"59317"
"2017";"HOUPLINES";"59317"
"2017";"DUNKERQUE";"59183"
"2017";"DUNKERQUE";"59183"
"2017";"DUNKERQUE";"59183"
"2016";"GUINES";"62397"
"2016";"GUINES";"62397"
"2009";"LE WAST";"62880"
"2009";"LE WAST";"62880"
"2011";"HERIN";"59302"
"2008";"TEMPLEUVE-EN-PEVELE";"59586"
"2008";"TEMPLEUVE-EN-PEVELE";"59586"
"2017";"DOUDEAUVILLE";"62273"
"2006";"COUDEKERQUE-BRANCHE";"59155"
"2017";"LENS";"62498"
"2017";"LENS";"62498"
"2010";"MARLY";"59383"
"2010";"LEULINGHEN-BERNES";"62505"
"2009";"STEENBECQUE";"59578"
"2014";"THIANT";"59589"
"2017";"THEROUANNE";"62811"
"2014";"TOURCOING";"59599"
"2014";"TOURCOING";"59599"
"2014";"TOURCOING";"59599"
"2014";"TOURCOING";"59599"
"2014";"TOURCOING";"59599"
"2014";"TOURCOING";"59599"
"2014";"TOURCOING";"59599"
"2014";"TOURCOING";"59599"
"2014";"TOURCOING";"59599"
"2014";"TOURCOING";"59599"
"2014";"MASNY";"59390"
"2006";"SAINT-MARTIN-BOULOGNE";"62758"
"2013";"EQUIHEN-PLAGE";"62300"
"2013";"EQUIHEN-PLAGE";"62300"
"2013";"EQUIHEN-PLAGE";"62300"
"2013";"EQUIHEN-PLAGE";"62300"
"2013";"EQUIHEN-PLAGE";"62300"
"2013";"EQUIHEN-PLAGE";"62300"
"2013";"EQUIHEN-PLAGE";"62300"
"2013";"EQUIHEN-PLAGE";"62300"
"2013";"WAVRANS-SUR-TERNOISE";"62883"
"2016";"TOURCOING";"59599"
"2016";"TOURCOING";"59599"
"2016";"TOURCOING";"59599"
"2012";"LENS";"62498"
"2012";"LENS";"62498"
"2012";"LENS";"62498"
"2012";"LENS";"62498"
"2012";"LENS";"62498"
"2017";"BONNINGUES-LES-ARDRES";"62155"
"2014";"BEUVRAGES";"59079"
"2014";"BEUVRAGES";"59079"
"2014";"BEUVRAGES";"59079"
"2015";"ASSEVENT";"59021"
"2015";"ASSEVENT";"59021"
"2013";"ECHINGHEN";"62281"
"2015";"VALENCIENNES";"59606"
"2015";"VALENCIENNES";"59606"
"2015";"VALENCIENNES";"59606"
"2015";"VALENCIENNES";"59606"
"2015";"VALENCIENNES";"59606"
"2014";"HAUTMONT";"59291"
"2014";"HAUTMONT";"59291"
"2013";"FRESNES-SUR-ESCAUT";"59253"
"2017";"RAIMBEAUCOURT";"59489"
"2017";"RAIMBEAUCOURT";"59489"
"2017";"RAIMBEAUCOURT";"59489"
"2017";"RAIMBEAUCOURT";"59489"
"2002";"ROUBAIX";"59512"
"2002";"ROUBAIX";"59512"
"2002";"ROUBAIX";"59512"
"2002";"ROUBAIX";"59512"
"2002";"ROUBAIX";"59512"
"2002";"ROUBAIX";"59512"
"2002";"ROUBAIX";"59512"
"2002";"ROUBAIX";"59512"
"2002";"ROUBAIX";"59512"
"2002";"ROUBAIX";"59512"
"2002";"ROUBAIX";"59512"
"2002";"ROUBAIX";"59512"
"2002";"ROUBAIX";"59512"
"2002";"ROUBAIX";"59512"
"2002";"ROUBAIX";"59512"
"2005";"BURBURE";"62188"
"2016";"HAUTMONT";"59291"
"2016";"HAUTMONT";"59291"
"2014";"SOCX";"59570"
"2003";"COUDEKERQUE-BRANCHE";"59155"
"2010";"AUCHY-LES-HESDIN";"62050"
"2018";"FACHES-THUMESNIL";"59220"
"2018";"FACHES-THUMESNIL";"59220"
"2018";"FACHES-THUMESNIL";"59220"
"2018";"FACHES-THUMESNIL";"59220"
"2016";"FONTAINE-AU-PIRE";"59243"
"2007";"LECELLES";"59335"
"2013";"MARLY";"59383"
"2013";"MARLY";"59383"
"2011";"LOURCHES";"59361"
"2011";"LOURCHES";"59361"
"2011";"LOURCHES";"59361"
"2011";"LOURCHES";"59361"
"2017";"COULOGNE";"62244"
"2018";"LEERS";"59339"
"2018";"SENINGHEM";"62788"
"2018";"SENINGHEM";"62788"
"2015";"TOURCOING";"59599"
"2015";"TOURCOING";"59599"
"2015";"TOURCOING";"59599"
"2015";"TOURCOING";"59599"
"2015";"TOURCOING";"59599"
"2015";"TOURCOING";"59599"
"2015";"TOURCOING";"59599"
"2015";"TOURCOING";"59599"
"2015";"TOURCOING";"59599"
"2015";"TOURCOING";"59599"
"2015";"TOURCOING";"59599"
"2012";"LOISON-SOUS-LENS";"62523"
"2005";"MARESQUEL-ECQUEMICOURT";"62552"
"2013";"MOUVAUX";"59421"
"2004";"LENS";"62498"
"2004";"LENS";"62498"
"2004";"LENS";"62498"
"2004";"LENS";"62498"
"2004";"LENS";"62498"
"2004";"LENS";"62498"
"2004";"LENS";"62498"
"2005";"CONDE-SUR-L'ESCAUT";"59153"
"2005";"CONDE-SUR-L'ESCAUT";"59153"
"2009";"FRESNES-SUR-ESCAUT";"59253"
"2009";"FRESNES-SUR-ESCAUT";"59253"
"2009";"FRESNES-SUR-ESCAUT";"59253"
"2016";"NEUVILLE-SUR-ESCAUT";"59429"
"2016";"NEUVILLE-SUR-ESCAUT";"59429"
"2016";"NEUVILLE-SUR-ESCAUT";"59429"
"2016";"NEUVILLE-SUR-ESCAUT";"59429"
"2016";"NEUVILLE-SUR-ESCAUT";"59429"
"2016";"NEUVILLE-SUR-ESCAUT";"59429"
"2016";"NEUVILLE-SUR-ESCAUT";"59429"
"2004";"CRESPIN";"59160"
"2004";"CRESPIN";"59160"
"2016";"VALENCIENNES";"59606"
"2016";"VALENCIENNES";"59606"
"2016";"VALENCIENNES";"59606"
"2016";"VALENCIENNES";"59606"
"2016";"VALENCIENNES";"59606"
"2016";"VALENCIENNES";"59606"
"2018";"DIVION";"62270"
"2009";"NEUF-BERQUIN";"59423"
"2014";"NEUVILLE-SUR-ESCAUT";"59429"
"2009";"AULNOY-LEZ-VALENCIENNES";"59032"
"2011";"ANZIN";"59014"
"2011";"ANZIN";"59014"
"2011";"ANZIN";"59014"
"2015";"HAUTMONT";"59291"
"2015";"HAUTMONT";"59291"
"2015";"HAUTMONT";"59291"
"2015";"HAZEBROUCK";"59295"
"2015";"HAZEBROUCK";"59295"
"2015";"HAZEBROUCK";"59295"
"2015";"HAZEBROUCK";"59295"
"2015";"HAZEBROUCK";"59295"
"2012";"BERGUES";"59067"
"2011";"BETHUNE";"62119"
"2011";"BETHUNE";"62119"
"2011";"BETHUNE";"62119"
"2011";"BETHUNE";"62119"
"2011";"BETHUNE";"62119"
"2011";"BETHUNE";"62119"
"2011";"BETHUNE";"62119"
"2011";"BETHUNE";"62119"
"2011";"BETHUNE";"62119"
"2011";"HESDIN";"62447"
"2012";"MAUBEUGE";"59392"
"2012";"MAUBEUGE";"59392"
"2004";"BRUAY-LA-BUISSIERE";"62178"
"2004";"BRUAY-LA-BUISSIERE";"62178"
"2013";"COUDEKERQUE-BRANCHE";"59155"
"2013";"COUDEKERQUE-BRANCHE";"59155"
"2008";"CAMPAGNE-LES-WARDRECQUES";"62205"
"2017";"MAUBEUGE";"59392"
"2017";"MAUBEUGE";"59392"
"2017";"MAUBEUGE";"59392"
"2017";"MAUBEUGE";"59392"
"2017";"MAUBEUGE";"59392"
"2017";"MAUBEUGE";"59392"
"2017";"MAUBEUGE";"59392"
"2017";"MAUBEUGE";"59392"
"2017";"MAUBEUGE";"59392"
"2017";"MAUBEUGE";"59392"
"2017";"MAUBEUGE";"59392"
"2017";"MAUBEUGE";"59392"
"2017";"MAUBEUGE";"59392"
"2017";"MAUBEUGE";"59392"
"2017";"MAUBEUGE";"59392"
"2017";"MAUBEUGE";"59392"
"2017";"MAUBEUGE";"59392"
"2016";"RANG-DU-FLIERS";"62688"
"2004";"DUNKERQUE";"59183"
"2004";"DUNKERQUE";"59183"
"2004";"DUNKERQUE";"59183"
"2004";"DUNKERQUE";"59183"
"2005";"ANOR";"59012"
"2016";"MARQUISE";"62560"
"2016";"MARQUISE";"62560"
"2012";"AVESNELLES";"59035"
"2012";"AVESNELLES";"59035"
"2012";"AVESNELLES";"59035"
"2017";"BERGUES";"59067"
"2006";"FRESNES-SUR-ESCAUT";"59253"
"2017";"RUMILLY";"62729"
"2016";"SAILLY-SUR-LA-LYS";"62736"
"2007";"VIEUX-CONDE";"59616"
"2007";"VIEUX-CONDE";"59616"
"2007";"VIEUX-CONDE";"59616"
"2007";"VIEUX-CONDE";"59616"
"2007";"VIEUX-CONDE";"59616"
"2014";"SAILLY-SUR-LA-LYS";"62736"
"2014";"SAILLY-SUR-LA-LYS";"62736"
"2018";"FRESNES-SUR-ESCAUT";"59253"
"2007";"QUIESTEDE";"62681"
"2013";"FRUGES";"62364"
"2005";"SAINT-OMER";"62765"
"2005";"SAINT-OMER";"62765"
"2015";"BONDUES";"59090"
"2011";"DOURGES";"62274"
"2011";"DOURGES";"62274"
"2015";"GUINES";"62397"
"2015";"GUINES";"62397"
"2015";"GUINES";"62397"
"2013";"LE WAST";"62880"
"2007";"NOYELLES-SOUS-LENS";"62628"
"2007";"NOYELLES-SOUS-LENS";"62628"
"2008";"BOUSSOIS";"59104"
"2009";"HAULCHIN";"59288"
"2015";"MOUVAUX";"59421"
"2015";"MONS-EN-PEVELE";"59411"
"2017";"VILLERS-OUTREAUX";"59624"
"2013";"BEUVRAGES";"59079"
"2013";"BEUVRAGES";"59079"
"2013";"BEUVRAGES";"59079"
"2013";"BEUVRAGES";"59079"
"2013";"BEUVRAGES";"59079"
"2013";"BEUVRAGES";"59079"
"2013";"BEUVRAGES";"59079"
"2012";"SAINT-OMER";"62765"
"2012";"SAINT-OMER";"62765"
"2012";"SAINT-OMER";"62765"
"2008";"BRUAY-SUR-L'ESCAUT";"59112"
"2008";"BRUAY-SUR-L'ESCAUT";"59112"
"2008";"BRUAY-SUR-L'ESCAUT";"59112"
"2012";"SAINT-AMAND-LES-EAUX";"59526"
"2012";"VILLERS-OUTREAUX";"59624"
"2016";"FRESNES-SUR-ESCAUT";"59253"
"2016";"FRESNES-SUR-ESCAUT";"59253"
"2016";"FRESNES-SUR-ESCAUT";"59253"
"2016";"FRESNES-SUR-ESCAUT";"59253"
"2016";"FRESNES-SUR-ESCAUT";"59253"
"2016";"FRESNES-SUR-ESCAUT";"59253"
"2016";"FRESNES-SUR-ESCAUT";"59253"
"2016";"FRESNES-SUR-ESCAUT";"59253"
"2017";"ARMENTIERES";"59017"
"2017";"ARMENTIERES";"59017"
"2017";"ARMENTIERES";"59017"
"2017";"ARMENTIERES";"59017"
"2017";"ARMENTIERES";"59017"
"2017";"ARMENTIERES";"59017"
"2017";"ARMENTIERES";"59017"
"2017";"ARMENTIERES";"59017"
"2011";"SAINT-MARTIN-AU-LAERT";"62757"
"2009";"NEUVILLE-SUR-ESCAUT";"59429"
"2009";"NEUVILLE-SUR-ESCAUT";"59429"
"2017";"SAINT-OMER";"62765"
"2017";"SAINT-OMER";"62765"
"2017";"SAINT-OMER";"62765"
"2014";"NEUF-BERQUIN";"59423"
"2014";"NEUF-BERQUIN";"59423"
"2015";"ACHICOURT";"62004"
"2015";"ACHICOURT";"62004"
"2010";"HAULCHIN";"59288"
"2013";"HAUTMONT";"59291"
"2013";"HAUTMONT";"59291"
"2013";"HAUTMONT";"59291"
"2013";"HAUTMONT";"59291"
"2018";"SAILLY-SUR-LA-LYS";"62736"
"2014";"FRESNES-SUR-ESCAUT";"59253"
"2014";"FRESNES-SUR-ESCAUT";"59253"
"2014";"FRESNES-SUR-ESCAUT";"59253"
"2014";"FRESNES-SUR-ESCAUT";"59253"
"2017";"DOUVRIN";"62276"
"2012";"ANOR";"59012"
"2012";"AVESNES-SUR-HELPE";"59036"
"2017";"LIEVIN";"62510"
"2017";"LIEVIN";"62510"
"2017";"LIEVIN";"62510"
"2006";"LA SENTINELLE";"59564"
"2007";"FRETHUN";"62360"
"2007";"FRETHUN";"62360"
"2015";"MARLY";"59383"
"2013";"BILLY-MONTIGNY";"62133"
"2013";"BILLY-MONTIGNY";"62133"
"2013";"BILLY-MONTIGNY";"62133"
"2013";"BILLY-MONTIGNY";"62133"
"2005";"MAUBEUGE";"59392"
"2008";"SAINT-LAURENT-BLANGY";"62753"
"2008";"SAINT-LAURENT-BLANGY";"62753"
"2008";"SAINT-LAURENT-BLANGY";"62753"
"2008";"SAINT-LAURENT-BLANGY";"62753"
"2013";"MASNY";"59390"
"2008";"CAMBRAI";"59122"
"2014";"EQUIHEN-PLAGE";"62300"
"2014";"EQUIHEN-PLAGE";"62300"
"2013";"HESDIGNEUL-LES-BOULOGNE";"62446"
"2013";"TOURCOING";"59599"
"2013";"TOURCOING";"59599"
"2013";"TOURCOING";"59599"
"2013";"TOURCOING";"59599"
"2013";"TOURCOING";"59599"
"2013";"TOURCOING";"59599"
"2013";"TOURCOING";"59599"
"2013";"TOURCOING";"59599"
"2013";"TOURCOING";"59599"
"2013";"TOURCOING";"59599"
"2013";"TOURCOING";"59599"
"2009";"SAILLY-SUR-LA-LYS";"62736"
"2013";"LAMBRES-LEZ-DOUAI";"59329"
"2006";"VALENCIENNES";"59606"
"2012";"JEUMONT";"59324"
"2012";"JEUMONT";"59324"
"2012";"JEUMONT";"59324"
"2012";"JEUMONT";"59324"
"2007";"BETTIGNIES";"59076"
"2018";"MARCHIENNES";"59375"
"2001";"BAINCTHUN";"62075"
"2015";"ACQ";"62007"
"2017";"CONDE-SUR-L'ESCAUT";"59153"
"2009";"WANNEHAIN";"59638"
"2016";"DIVION";"62270"
"2016";"DIVION";"62270"
"2016";"DIVION";"62270"
"2018";"VALENCIENNES";"59606"
"2018";"VALENCIENNES";"59606"
"2018";"VALENCIENNES";"59606"
"2018";"VALENCIENNES";"59606"
"2018";"VALENCIENNES";"59606"
"2018";"VALENCIENNES";"59606"
"2018";"VALENCIENNES";"59606"
"2018";"VALENCIENNES";"59606"
"2018";"VALENCIENNES";"59606"
"2018";"VALENCIENNES";"59606"
"2018";"VALENCIENNES";"59606"
"2018";"VALENCIENNES";"59606"
"2018";"VALENCIENNES";"59606"
"2018";"VALENCIENNES";"59606"
"2018";"VALENCIENNES";"59606"
"2011";"ARRAS";"62041"
"2011";"AULNOYE-AYMERIES";"59033"
"2011";"AULNOYE-AYMERIES";"59033"
"2011";"AULNOYE-AYMERIES";"59033"
"2011";"AULNOYE-AYMERIES";"59033"
"2013";"BONDUES";"59090"
"2010";"SAILLY-SUR-LA-LYS";"62736"
"2013";"GUINES";"62397"
"2017";"JEUMONT";"59324"
"2017";"JEUMONT";"59324"
"2017";"JEUMONT";"59324"
"2017";"JEUMONT";"59324"
"2017";"JEUMONT";"59324"
"2017";"JEUMONT";"59324"
"2016";"EVIN-MALMAISON";"62321"
"2016";"EVIN-MALMAISON";"62321"
"2015";"ABLAIN-SAINT-NAZAIRE";"62001"
"2014";"SENINGHEM";"62788"
"2016";"PONT-SUR-SAMBRE";"59467"
"2003";"TOURCOING";"59599"
"2003";"TOURCOING";"59599"
"2003";"TOURCOING";"59599"
"2003";"TOURCOING";"59599"
"2003";"TOURCOING";"59599"
"2017";"BETHENCOURT";"59075"
"2015";"SAINT-MARTIN-BOULOGNE";"62758"
"2011";"SOMAIN";"59574"
"2017";"STEENVOORDE";"59580"
"2010";"LA SENTINELLE";"59564"
"2010";"LA SENTINELLE";"59564"
"2016";"SENINGHEM";"62788"
"2016";"SENINGHEM";"62788"
"2016";"SENINGHEM";"62788"
"2015";"COUDEKERQUE-BRANCHE";"59155"
"2015";"COUDEKERQUE-BRANCHE";"59155"
"2015";"COUDEKERQUE-BRANCHE";"59155"
"2015";"COUDEKERQUE-BRANCHE";"59155"
"2009";"LA SENTINELLE";"59564"
"2014";"FACHES-THUMESNIL";"59220"
"2008";"ROUBAIX";"59512"
"2018";"HAUTMONT";"59291"
"2018";"HAUTMONT";"59291"
"2018";"HAUTMONT";"59291"
"2018";"HAUTMONT";"59291"
"2009";"LAMBRES-LEZ-DOUAI";"59329"
"2003";"VALENCIENNES";"59606"
"2003";"VALENCIENNES";"59606"
"2010";"GUINES";"62397"
"2012";"BURBURE";"62188"
"2016";"SECLIN";"59560"
"2016";"SECLIN";"59560"
"2006";"BOESEGHEM";"59087"
"2016";"ACQ";"62007"
"2016";"ACQ";"62007"
"2013";"WANNEHAIN";"59638"
"2006";"LANNOY";"59332"
"2016";"FRUGES";"62364"
"2005";"RAIMBEAUCOURT";"59489"
"2009";"GUINES";"62397"
"2016";"LUMBRES";"62534"
"2016";"LUMBRES";"62534"
"2016";"LE WAST";"62880"
"2010";"LAMBRES-LEZ-DOUAI";"59329"
"2007";"DENAIN";"59172"
"2007";"DENAIN";"59172"
"2015";"PONT-SUR-SAMBRE";"59467"
"2015";"PONT-SUR-SAMBRE";"59467"
"2015";"PONT-SUR-SAMBRE";"59467"
"2015";"EVIN-MALMAISON";"62321"
"2014";"SAINT-MARTIN-BOULOGNE";"62758"
"2014";"SAINT-MARTIN-BOULOGNE";"62758"
"2005";"LENS";"62498"
"2005";"LENS";"62498"
"2005";"LENS";"62498"
"2005";"LENS";"62498"
"2005";"LENS";"62498"
"2005";"LENS";"62498"
"2005";"LENS";"62498"
"2005";"LENS";"62498"
"2005";"LENS";"62498"
"2005";"LENS";"62498"
"2005";"LENS";"62498"
"2018";"TOURCOING";"59599"
"2018";"TOURCOING";"59599"
"2018";"TOURCOING";"59599"
"2007";"TINCQUES";"62820"
"2004";"MARESQUEL-ECQUEMICOURT";"62552"
"2006";"TOURCOING";"59599"
"2006";"TOURCOING";"59599"
"2006";"TOURCOING";"59599"
"2016";"SAINT-MARTIN-BOULOGNE";"62758"
"2016";"COUDEKERQUE-BRANCHE";"59155"
"2005";"CAPPELLE-EN-PEVELE";"59129"
"2005";"CAPPELLE-EN-PEVELE";"59129"
"2011";"SAINT-LAURENT-BLANGY";"62753"
"2011";"SAINT-LAURENT-BLANGY";"62753"
"2011";"SAINT-LAURENT-BLANGY";"62753"
"2017";"RŒULX";"59504"
"2017";"RŒULX";"59504"
"2014";"COUDEKERQUE-BRANCHE";"59155"
"2011";"WALLERS-EN-FAGNE";"59633"
"2011";"MARQUETTE-LEZ-LILLE";"59386"
"2011";"MARQUETTE-LEZ-LILLE";"59386"
"2011";"MARQUETTE-LEZ-LILLE";"59386"
"2013";"HAULCHIN";"59288"
"2013";"HAULCHIN";"59288"
"2013";"HAULCHIN";"59288"
"2014";"MONS-EN-PEVELE";"59411"
"2014";"MONS-EN-PEVELE";"59411"
"2014";"MONS-EN-PEVELE";"59411"
"2014";"MONS-EN-PEVELE";"59411"
"2011";"QUESNOY-SUR-DEULE";"59482"
"2011";"QUESNOY-SUR-DEULE";"59482"
"2011";"ESTEVELLES";"62311"
"2011";"CAUDRY";"59139"
"2006";"GUINES";"62397"
"2017";"HARNES";"62413"
"2017";"HARNES";"62413"
"2017";"HARNES";"62413"
"2017";"HARNES";"62413"
"2016";"MOUVAUX";"59421"
"2018";"DOUAI";"59178"
"2009";"BEUVRAGES";"59079"
"2009";"BEUVRAGES";"59079"
"2015";"TILLOY-LES-MOFFLAINES";"62817"
"2011";"LOOS-EN-GOHELLE";"62528"
"2015";"FRESNES-SUR-ESCAUT";"59253"
"2015";"FRESNES-SUR-ESCAUT";"59253"
"2015";"FRESNES-SUR-ESCAUT";"59253"
"2013";"VALENCIENNES";"59606"
"2019";"MAUBEUGE";"59392"
"2007";"LILLERS";"62516"
"2012";"HALLUIN";"59279"
"2012";"HALLUIN";"59279"
"2012";"HALLUIN";"59279"
"2005";"GONNEHEM";"62376"
"2006";"BRILLON";"59109"
"2010";"BEUVRAGES";"59079"
"2010";"BEUVRAGES";"59079"
"2010";"BEUVRAGES";"59079"
"2010";"BEUVRAGES";"59079"
"2010";"BEUVRAGES";"59079"
"2010";"BEUVRAGES";"59079"
"2013";"MONCHY-LE-PREUX";"62582"
"2016";"RUMINGHEM";"62730"
"2012";"HARNES";"62413"
"2012";"HARNES";"62413"
"2006";"GENECH";"59258"
"2013";"BOURBOURG";"59094"
"2018";"GENECH";"59258"
"2016";"ACHICOURT";"62004"
"2016";"ACHICOURT";"62004"
"2016";"ACHICOURT";"62004"
"2016";"ACHICOURT";"62004"
"2005";"DUNKERQUE";"59183"
"2005";"DUNKERQUE";"59183"
"2005";"DUNKERQUE";"59183"
"2005";"DUNKERQUE";"59183"
"2005";"DUNKERQUE";"59183"
"2005";"DUNKERQUE";"59183"
"2007";"ESCAUDAIN";"59205"
"2007";"ESCAUDAIN";"59205"
"2010";"HESDIGNEUL-LES-BOULOGNE";"62446"
"2011";"CORBEHEM";"62240"
"2011";"CORBEHEM";"62240"
"2011";"CORBEHEM";"62240"
"2008";"ROUVROY";"62724"
"2010";"TOURCOING";"59599"
"2006";"LYS-LEZ-LANNOY";"59367"
"2003";"MARQUISE";"62560"
"2003";"MARQUISE";"62560"
"2010";"MASNY";"59390"
"2003";"AUCHEL";"62048"
"2003";"AUCHEL";"62048"
"2003";"AUCHEL";"62048"
"2011";"ROUBAIX";"59512"
"2011";"ROUBAIX";"59512"
"2011";"ROUBAIX";"59512"
"2011";"ROUBAIX";"59512"
"2011";"ROUBAIX";"59512"
"2011";"ROUBAIX";"59512"
"2011";"ROUBAIX";"59512"
"2011";"ROUBAIX";"59512"
"2011";"ROUBAIX";"59512"
"2011";"ROUBAIX";"59512"
"2011";"ROUBAIX";"59512"
"2007";"SAINT-VENANT";"62770"
"2015";"WAVRANS-SUR-TERNOISE";"62883"
"2009";"TOURCOING";"59599"
"2018";"HAZEBROUCK";"59295"
"2015";"VENDIN-LE-VIEIL";"62842"
"2014";"MARLY";"59383"
"2014";"MARLY";"59383"
"2014";"BETHUNE";"62119"
"2014";"BETHUNE";"62119"
"2014";"BETHUNE";"62119"
"2014";"HESDIN";"62447"
"2017";"ONNAING";"59447"
"2012";"FLERS-EN-ESCREBIEUX";"59234"
"2013";"ISBERGUES";"62473"
"2015";"BAINGHEN";"62076"
"2015";"BAINGHEN";"62076"
"2015";"BAINGHEN";"62076"
"2015";"BAINGHEN";"62076"
"2015";"BAINGHEN";"62076"
"2016";"HESDIN";"62447"
"2007";"BOULOGNE-SUR-MER";"62160"
"2016";"BETHUNE";"62119"
"2016";"BETHUNE";"62119"
"2017";"DENAIN";"59172"
"2017";"DENAIN";"59172"
"2017";"DENAIN";"59172"
"2017";"DENAIN";"59172"
"2017";"DENAIN";"59172"
"2017";"DENAIN";"59172"
"2017";"DENAIN";"59172"
"2017";"DENAIN";"59172"
"2017";"DENAIN";"59172"
"2017";"DENAIN";"59172"
"2017";"DENAIN";"59172"
"2017";"DENAIN";"59172"
"2017";"DENAIN";"59172"
"2017";"DENAIN";"59172"
"2017";"DENAIN";"59172"
"2017";"DENAIN";"59172"
"2017";"DENAIN";"59172"
"2017";"DENAIN";"59172"
"2017";"DENAIN";"59172"
"2017";"DENAIN";"59172"
"2017";"DENAIN";"59172"
"2017";"DENAIN";"59172"
"2017";"DENAIN";"59172"
"2017";"DENAIN";"59172"
"2017";"DENAIN";"59172"
"2017";"DENAIN";"59172"
"2017";"DENAIN";"59172"
"2017";"DENAIN";"59172"
"2017";"DENAIN";"59172"
"2003";"ROUBAIX";"59512"
"2003";"ROUBAIX";"59512"
"2003";"ROUBAIX";"59512"
"2003";"ROUBAIX";"59512"
"2003";"ROUBAIX";"59512"
"2003";"ROUBAIX";"59512"
"2003";"ROUBAIX";"59512"
"2003";"ROUBAIX";"59512"
"2003";"ROUBAIX";"59512"
"2003";"ROUBAIX";"59512"
"2003";"ROUBAIX";"59512"
"2003";"ROUBAIX";"59512"
"2003";"ROUBAIX";"59512"
"2003";"ROUBAIX";"59512"
"2003";"ROUBAIX";"59512"
"2003";"ROUBAIX";"59512"
"2003";"ROUBAIX";"59512"
"2003";"ROUBAIX";"59512"
"2003";"ROUBAIX";"59512"
"2003";"ROUBAIX";"59512"
"2003";"ROUBAIX";"59512"
"2003";"ROUBAIX";"59512"
"2003";"ROUBAIX";"59512"
"2003";"ROUBAIX";"59512"
"2003";"ROUBAIX";"59512"
"2014";"TEMPLEUVE-EN-PEVELE";"59586"
"2018";"RUITZ";"62727"
"2012";"ARMBOUTS-CAPPEL";"59016"
"2012";"DENAIN";"59172"
"2012";"DENAIN";"59172"
"2012";"DENAIN";"59172"
"2012";"DENAIN";"59172"
"2012";"DENAIN";"59172"
"2012";"DENAIN";"59172"
"2012";"DENAIN";"59172"
"2012";"DENAIN";"59172"
"2012";"DENAIN";"59172"
"2012";"DENAIN";"59172"
"2012";"DENAIN";"59172"
"2012";"DENAIN";"59172"
"2012";"DENAIN";"59172"
"2012";"DENAIN";"59172"
"2012";"DENAIN";"59172"
"2012";"DENAIN";"59172"
"2012";"DENAIN";"59172"
"2012";"DENAIN";"59172"
"2012";"DENAIN";"59172"
"2012";"DENAIN";"59172"
"2012";"DENAIN";"59172"
"2012";"DENAIN";"59172"
"2012";"DENAIN";"59172"
"2012";"DENAIN";"59172"
"2012";"DENAIN";"59172"
"2012";"DENAIN";"59172"
"2012";"DENAIN";"59172"
"2012";"DENAIN";"59172"
"2012";"DENAIN";"59172"
"2012";"DENAIN";"59172"
"2012";"DENAIN";"59172"
"2012";"DENAIN";"59172"
"2012";"DENAIN";"59172"
"2012";"DENAIN";"59172"
"2012";"DENAIN";"59172"
"2012";"DENAIN";"59172"
"2012";"DENAIN";"59172"
"2012";"DENAIN";"59172"
"2012";"DENAIN";"59172"
"2012";"DENAIN";"59172"
"2012";"DENAIN";"59172"
"2012";"DENAIN";"59172"
"2013";"SAINT-LAURENT-BLANGY";"62753"
"2013";"SAINT-LAURENT-BLANGY";"62753"
"2013";"SAINT-LAURENT-BLANGY";"62753"
"2013";"SAINT-LAURENT-BLANGY";"62753"
"2013";"SAINT-LAURENT-BLANGY";"62753"
"2013";"SAINT-LAURENT-BLANGY";"62753"
"2013";"SAINT-LAURENT-BLANGY";"62753"
"2013";"SAINT-LAURENT-BLANGY";"62753"
"2013";"SAINT-LAURENT-BLANGY";"62753"
"2013";"SAINT-LAURENT-BLANGY";"62753"
"2017";"ARMBOUTS-CAPPEL";"59016"
"2005";"CROISILLES";"62259"
"2012";"SALLAUMINES";"62771"
"2008";"TOURCOING";"59599"
"2012";"MOULLE";"62595"
"2018";"ESCAUTPONT";"59207"
"2018";"ESCAUTPONT";"59207"
"2018";"ESCAUTPONT";"59207"
"2018";"ESCAUTPONT";"59207"
"2018";"ESCAUTPONT";"59207"
"2014";"BEUVRY-LA-FORET";"59080"
"2016";"CYSOING";"59168"
"2010";"AULNOYE-AYMERIES";"59033"
"2010";"AULNOYE-AYMERIES";"59033"
"2014";"CYSOING";"59168"
"2014";"CYSOING";"59168"
"2016";"BEUVRY-LA-FORET";"59080"
"2016";"BEUVRY-LA-FORET";"59080"
"2003";"LOOS-EN-GOHELLE";"62528"
"2008";"BEUVRAGES";"59079"
"2018";"MERCK-SAINT-LIEVIN";"62569"
"2018";"MERCK-SAINT-LIEVIN";"62569"
"2018";"MERCK-SAINT-LIEVIN";"62569"
"2018";"MERCK-SAINT-LIEVIN";"62569"
"2012";"ORCHIES";"59449"
"2012";"ORCHIES";"59449"
"2012";"FERRIERE-LA-GRANDE";"59230"
"2012";"FERRIERE-LA-GRANDE";"59230"
"2004";"CALAIS";"62193"
"2004";"CALAIS";"62193"
"2017";"LILLERS";"62516"
"2010";"SOUCHEZ";"62801"
"2014";"TETEGHEM";"59588"
"2006";"SOMAIN";"59574"
"2007";"HALLUIN";"59279"
"2012";"LILLERS";"62516"
"2013";"ROUBAIX";"59512"
"2013";"ROUBAIX";"59512"
"2013";"ROUBAIX";"59512"
"2013";"ROUBAIX";"59512"
"2013";"ROUBAIX";"59512"
"2013";"ROUBAIX";"59512"
"2013";"ROUBAIX";"59512"
"2013";"ROUBAIX";"59512"
"2013";"ROUBAIX";"59512"
"2013";"ROUBAIX";"59512"
"2013";"ROUBAIX";"59512"
"2013";"ROUBAIX";"59512"
"2013";"ROUBAIX";"59512"
"2013";"ROUBAIX";"59512"
"2013";"ROUBAIX";"59512"
"2013";"ROUBAIX";"59512"
"2013";"ROUBAIX";"59512"
"2013";"ROUBAIX";"59512"
"2013";"ROUBAIX";"59512"
"2013";"ROUBAIX";"59512"
"2013";"ROUBAIX";"59512"
"2013";"ROUBAIX";"59512"
"2013";"ROUBAIX";"59512"
"2013";"ROUBAIX";"59512"
"2013";"ROUBAIX";"59512"
"2013";"ROUBAIX";"59512"
"2013";"ROUBAIX";"59512"
"2013";"ROUBAIX";"59512"
"2013";"ROUBAIX";"59512"
"2013";"CAUDRY";"59139"
"2013";"CAUDRY";"59139"
"2013";"QUESNOY-SUR-DEULE";"59482"
"2016";"ECQUES";"62288"
"2008";"GENECH";"59258"
"2018";"AULNOYE-AYMERIES";"59033"
"2018";"AULNOYE-AYMERIES";"59033"
"2018";"AULNOYE-AYMERIES";"59033"
"2018";"AULNOYE-AYMERIES";"59033"
"2014";"ECQUES";"62288"
"2017";"AFFRINGUES";"62010"
"2006";"AULNOYE-AYMERIES";"59033"
"2011";"LAVENTIE";"62491"
"2014";"ANICHE";"59008"
"2005";"CARVIN";"62215"
"2005";"CARVIN";"62215"
"2005";"CARVIN";"62215"
"2005";"CARVIN";"62215"
"2005";"CARVIN";"62215"
"2012";"ARQUES";"62040"
"2012";"ARQUES";"62040"
"2012";"ARQUES";"62040"
"2012";"ARQUES";"62040"
"2017";"ESTAIRES";"59212"
"2017";"BARLIN";"62083"
"2016";"ANZIN";"59014"
"2016";"ANZIN";"59014"
"2016";"ANZIN";"59014"
"2005";"LOUVROIL";"59365"
"2005";"LOUVROIL";"59365"
"2016";"HOUTKERQUE";"59318"
"2016";"HOUTKERQUE";"59318"
"2016";"HOUTKERQUE";"59318"
"2017";"ARQUES";"62040"
"2017";"ESCAUDAIN";"59205"
"2017";"ESCAUDAIN";"59205"
"2017";"ESCAUDAIN";"59205"
"2017";"ESCAUDAIN";"59205"
"2013";"LOOS-EN-GOHELLE";"62528"
"2016";"IZEL-LES-HAMEAU";"62477"
"2014";"ANZIN";"59014"
"2014";"ANZIN";"59014"
"2014";"ANZIN";"59014"
"2014";"ANZIN";"59014"
"2014";"ANZIN";"59014"
"2014";"ANZIN";"59014"
"2014";"ANZIN";"59014"
"2014";"ANZIN";"59014"
"2014";"ANZIN";"59014"
"2014";"ANZIN";"59014"
"2014";"ANZIN";"59014"
"2014";"ANZIN";"59014"
"2014";"ANZIN";"59014"
"2014";"ANZIN";"59014"
"2014";"ANZIN";"59014"
"2014";"ANZIN";"59014"
"2014";"ANZIN";"59014"
"2014";"ANZIN";"59014"
"2011";"VALENCIENNES";"59606"
"2015";"QUIEVRECHAIN";"59484"
"2015";"QUIEVRECHAIN";"59484"
"2015";"QUIEVRECHAIN";"59484"
"2015";"QUIEVRECHAIN";"59484"
"2015";"QUIEVRECHAIN";"59484"
"2011";"NEUVILLE-SUR-ESCAUT";"59429"
"2004";"NOYELLES-SOUS-LENS";"62628"
"2004";"NOYELLES-SOUS-LENS";"62628"
"2006";"MARŒUIL";"62557"
"2006";"MARŒUIL";"62557"
"2006";"MARŒUIL";"62557"
"2006";"MARŒUIL";"62557"
"2006";"MARŒUIL";"62557"
"2006";"MARŒUIL";"62557"
"2006";"MARŒUIL";"62557"
"2012";"STEENWERCK";"59581"
"2012";"STEENWERCK";"59581"
"2014";"MERVILLE";"59400"
"2015";"TETEGHEM";"59588"
"2006";"CAMBRAI";"59122"
"2016";"VRED";"59629"
"2008";"AUCHEL";"62048"
"2008";"AUCHEL";"62048"
"2008";"AUCHEL";"62048"
"2010";"ROUBAIX";"59512"
"2010";"ROUBAIX";"59512"
"2009";"CORBEHEM";"62240"
"2009";"CORBEHEM";"62240"
"2018";"SAINT-LAURENT-BLANGY";"62753"
"2018";"SAINT-LAURENT-BLANGY";"62753"
"2018";"HAM-EN-ARTOIS";"62407"
"2012";"NOYELLES-SOUS-LENS";"62628"
"2012";"NOYELLES-SOUS-LENS";"62628"
"2012";"NOYELLES-SOUS-LENS";"62628"
"2012";"NOYELLES-SOUS-LENS";"62628"
"2003";"AUBY";"59028"
"2017";"NOYELLES-SOUS-LENS";"62628"
"2017";"NOYELLES-SOUS-LENS";"62628"
"2004";"ESCAUDAIN";"59205"
"2004";"ESCAUDAIN";"59205"
"2004";"ESCAUDAIN";"59205"
"2004";"ESCAUDAIN";"59205"
"2011";"MASNY";"59390"
"2009";"ROUBAIX";"59512"
"2009";"ROUBAIX";"59512"
"2016";"MAING";"59369"
"2016";"MAING";"59369"
"2008";"MARQUISE";"62560"
"2010";"LOOS-EN-GOHELLE";"62528"
"2015";"ETAPLES";"62318"
"2011";"BEUVRAGES";"59079"
"2011";"BEUVRAGES";"59079"
"2011";"BEUVRAGES";"59079"
"2011";"BEUVRAGES";"59079"
"2011";"BEUVRAGES";"59079"
"2011";"BEUVRAGES";"59079"
"2011";"BEUVRAGES";"59079"
"2011";"BEUVRAGES";"59079"
"2005";"BEUVREQUEN";"62125"
"2013";"BAISIEUX";"59044"
"2015";"QUAROUBLE";"59479"
"2015";"QUAROUBLE";"59479"
"2015";"QUAROUBLE";"59479"
"2015";"QUAROUBLE";"59479"
"2015";"QUAROUBLE";"59479"
"2003";"AULNOYE-AYMERIES";"59033"
"2003";"AULNOYE-AYMERIES";"59033"
"2018";"BRUAY-SUR-L'ESCAUT";"59112"
"2018";"BRUAY-SUR-L'ESCAUT";"59112"
"2008";"BOULOGNE-SUR-HELPE";"59093"
"2004";"LILLERS";"62516"
"2008";"BUGNICOURT";"59117"
"2007";"ANOR";"59012"
"2007";"ANOR";"59012"
"2007";"ANOR";"59012"
"2010";"MARQUETTE-LEZ-LILLE";"59386"
"2012";"FELLERIES";"59226"
"2015";"ANZIN";"59014"
"2015";"HOUTKERQUE";"59318"
"2009";"LOOS-EN-GOHELLE";"62528"
"2009";"LOOS-EN-GOHELLE";"62528"
"2009";"LOOS-EN-GOHELLE";"62528"
"2015";"SAINT-NICOLAS";"62764"
"2016";"QUIEVRECHAIN";"59484"
"2016";"QUIEVRECHAIN";"59484"
"2013";"SOMAIN";"59574"
"2013";"SOMAIN";"59574"
"2013";"ROUVROY";"62724"
"2018";"ROUBAIX";"59512"
"2018";"ROUBAIX";"59512"
"2018";"ROUBAIX";"59512"
"2018";"ROUBAIX";"59512"
"2018";"ROUBAIX";"59512"
"2018";"ROUBAIX";"59512"
"2018";"ROUBAIX";"59512"
"2018";"ROUBAIX";"59512"
"2018";"ROUBAIX";"59512"
"2018";"ROUBAIX";"59512"
"2018";"ROUBAIX";"59512"
"2018";"ROUBAIX";"59512"
"2018";"ROUBAIX";"59512"
"2005";"HENIN-BEAUMONT";"62427"
"2014";"BAINGHEN";"62076"
"2014";"BAINGHEN";"62076"
"2014";"BAINGHEN";"62076"
"2014";"BAINGHEN";"62076"
"2014";"BAINGHEN";"62076"
"2014";"BAINGHEN";"62076"
"2014";"BAINGHEN";"62076"
"2014";"BAINGHEN";"62076"
"2014";"BAINGHEN";"62076"
"2016";"BAINGHEN";"62076"
"2016";"BAINGHEN";"62076"
"2016";"BAINGHEN";"62076"
"2016";"BAINGHEN";"62076"
"2016";"BAINGHEN";"62076"
"2016";"BAINGHEN";"62076"
"2016";"BAINGHEN";"62076"
"2016";"BAINGHEN";"62076"
"2015";"BETHUNE";"62119"
"2015";"BETHUNE";"62119"
"2015";"BETHUNE";"62119"
"2015";"BETHUNE";"62119"
"2006";"ROUBAIX";"59512"
"2006";"ROUBAIX";"59512"
"2006";"ROUBAIX";"59512"
"2006";"ROUBAIX";"59512"
"2006";"ROUBAIX";"59512"
"2006";"ROUBAIX";"59512"
"2006";"ROUBAIX";"59512"
"2006";"ROUBAIX";"59512"
"2006";"ROUBAIX";"59512"
"2017";"LECLUSE";"59336"
"2017";"BOUSSIERES-SUR-SAMBRE";"59103"
"2017";"BOUSSIERES-SUR-SAMBRE";"59103"
"2017";"BOUSSIERES-SUR-SAMBRE";"59103"
"2017";"BOUSSIERES-SUR-SAMBRE";"59103"
"2010";"CAMBRAI";"59122"
"2009";"SAINT-LAURENT-BLANGY";"62753"
"2007";"CONDE-SUR-L'ESCAUT";"59153"
"2007";"CONDE-SUR-L'ESCAUT";"59153"
"2006";"HEM";"59299"
"2017";"FERIN";"59228"
"2004";"DENAIN";"59172"
"2004";"DENAIN";"59172"
"2004";"DENAIN";"59172"
"2016";"VILLENEUVE-D'ASCQ";"59009"
"2017";"ALQUINES";"62024"
"2012";"LILLE";"59350"
"2012";"LILLE";"59350"
"2012";"LILLE";"59350"
"2012";"LILLE";"59350"
"2012";"LILLE";"59350"
"2012";"LILLE";"59350"
"2012";"LILLE";"59350"
"2012";"LILLE";"59350"
"2012";"LILLE";"59350"
"2012";"LILLE";"59350"
"2012";"LILLE";"59350"
"2012";"LILLE";"59350"
"2012";"LILLE";"59350"
"2012";"LILLE";"59350"
"2012";"LILLE";"59350"
"2012";"LILLE";"59350"
"2012";"LILLE";"59350"
"2012";"LILLE";"59350"
"2012";"LILLE";"59350"
"2012";"LILLE";"59350"
"2012";"LILLE";"59350"
"2012";"LILLE";"59350"
"2012";"LILLE";"59350"
"2012";"LILLE";"59350"
"2012";"LILLE";"59350"
"2014";"HALLINES";"62403"
"2015";"CYSOING";"59168"
"2015";"CYSOING";"59168"
"2011";"LAMBRES-LEZ-DOUAI";"59329"
"2011";"LAMBRES-LEZ-DOUAI";"59329"
"2016";"LEFOREST";"62497"
"2015";"BEUVRY-LA-FORET";"59080"
"2009";"BRUAY-SUR-L'ESCAUT";"59112"
"2009";"BRUAY-SUR-L'ESCAUT";"59112"
"2009";"BRUAY-SUR-L'ESCAUT";"59112"
"2009";"BRUAY-SUR-L'ESCAUT";"59112"
"2009";"BRUAY-SUR-L'ESCAUT";"59112"
"2018";"MASNIERES";"59389"
"2004";"FLERS-EN-ESCREBIEUX";"59234"
"2004";"FLERS-EN-ESCREBIEUX";"59234"
"2004";"FLERS-EN-ESCREBIEUX";"59234"
"2005";"LECELLES";"59335"
"2006";"WALLERS-EN-FAGNE";"59633"
"2011";"DOUAI";"59178"
"2013";"ARRAS";"62041"
"2013";"AULNOYE-AYMERIES";"59033"
"2013";"AULNOYE-AYMERIES";"59033"
"2013";"AULNOYE-AYMERIES";"59033"
"2013";"AULNOYE-AYMERIES";"59033"
"2013";"AULNOYE-AYMERIES";"59033"
"2013";"AULNOYE-AYMERIES";"59033"
"2013";"AULNOYE-AYMERIES";"59033"
"2013";"AULNOYE-AYMERIES";"59033"
"2013";"AULNOYE-AYMERIES";"59033"
"2017";"LILLE";"59350"
"2017";"LILLE";"59350"
"2017";"LILLE";"59350"
"2017";"LILLE";"59350"
"2017";"LILLE";"59350"
"2017";"LILLE";"59350"
"2017";"LILLE";"59350"
"2017";"LILLE";"59350"
"2017";"LILLE";"59350"
"2017";"LILLE";"59350"
"2017";"LILLE";"59350"
"2010";"ESCAUDAIN";"59205"
"2010";"ESCAUDAIN";"59205"
"2010";"ESCAUDAIN";"59205"
"2017";"MERCK-SAINT-LIEVIN";"62569"
"2017";"MERCK-SAINT-LIEVIN";"62569"
"2017";"MERCK-SAINT-LIEVIN";"62569"
"2007";"TOURCOING";"59599"
"2017";"BAISIEUX";"59044"
"2012";"SAINT-MARTIN-AU-LAERT";"62757"
"2012";"SAINT-MARTIN-AU-LAERT";"62757"
"2012";"SAINT-MARTIN-AU-LAERT";"62757"
"2016";"FRETIN";"59256"
"2014";"SAINS-DU-NORD";"59525"
"2011";"SAINT-AMAND-LES-EAUX";"59526"
"2011";"SAINT-AMAND-LES-EAUX";"59526"
"2018";"BILLY-BERCLAU";"62132"
"2011";"SAINT-OMER";"62765"
"2011";"SAINT-OMER";"62765"
"2011";"SAINT-OMER";"62765"
"2011";"SAINT-OMER";"62765"
"2011";"SAINT-OMER";"62765"
"2011";"SAINT-OMER";"62765"
"2018";"FERRIERE-LA-GRANDE";"59230"
"2015";"LECELLES";"59335"
"2009";"ARQUES";"62040"
"2009";"ARQUES";"62040"
"2004";"ROUBAIX";"59512"
"2004";"ROUBAIX";"59512"
"2004";"ROUBAIX";"59512"
"2004";"ROUBAIX";"59512"
"2004";"ROUBAIX";"59512"
"2004";"ROUBAIX";"59512"
"2004";"ROUBAIX";"59512"
"2004";"ROUBAIX";"59512"
"2004";"ROUBAIX";"59512"
"2004";"ROUBAIX";"59512"
"2004";"ROUBAIX";"59512"
"2004";"ROUBAIX";"59512"
"2004";"ROUBAIX";"59512"
"2004";"ROUBAIX";"59512"
"2004";"ROUBAIX";"59512"
"2004";"ROUBAIX";"59512"
"2004";"ROUBAIX";"59512"
"2016";"SARS-POTERIES";"59555"
"2016";"SARS-POTERIES";"59555"
"2009";"ESCAUDAIN";"59205"
"2009";"ESCAUDAIN";"59205"
"2009";"ESCAUDAIN";"59205"
"2009";"ESCAUDAIN";"59205"
"2009";"ESCAUDAIN";"59205"
"2009";"ESCAUDAIN";"59205"
"2009";"ESCAUDAIN";"59205"
"2009";"ESCAUDAIN";"59205"
"2009";"ENNEVELIN";"59197"
"2015";"OUTREAU";"62643"
"2015";"OUTREAU";"62643"
"2006";"FLERS-EN-ESCREBIEUX";"59234"
"2005";"BETHUNE";"62119"
"2005";"BETHUNE";"62119"
"2005";"BETHUNE";"62119"
"2005";"BETHUNE";"62119"
"2005";"BETHUNE";"62119"
"2005";"BETHUNE";"62119"
"2018";"ARMBOUTS-CAPPEL";"59016"
"2017";"BUSIGNY";"59118"
"2017";"BUSIGNY";"59118"
"2018";"CAMPAGNE-LES-HESDIN";"62204"
"2015";"HENIN-BEAUMONT";"62427"
"2015";"HENIN-BEAUMONT";"62427"
"2000";"TOURCOING";"59599"
"2000";"TOURCOING";"59599"
"2000";"TOURCOING";"59599"
"2000";"TOURCOING";"59599"
"2000";"TOURCOING";"59599"
"2000";"TOURCOING";"59599"
"2000";"TOURCOING";"59599"
"2000";"TOURCOING";"59599"
"2000";"TOURCOING";"59599"
"2017";"ESCAUTPONT";"59207"
"2017";"ESCAUTPONT";"59207"
"2017";"ESCAUTPONT";"59207"
"2017";"ESCAUTPONT";"59207"
"2017";"ESCAUTPONT";"59207"
"2017";"ESCAUTPONT";"59207"
"2017";"ESCAUTPONT";"59207"
"2017";"ESCAUTPONT";"59207"
"2015";"SAINT-MARTIN-D'HARDINGHEM";"62760"
"2015";"SAINT-MARTIN-D'HARDINGHEM";"62760"
"2015";"SAINT-MARTIN-D'HARDINGHEM";"62760"
"2018";"ONNAING";"59447"
"2018";"ONNAING";"59447"
"2018";"ONNAING";"59447"
"2006";"DENAIN";"59172"
"2006";"DENAIN";"59172"
"2006";"DENAIN";"59172"
"2006";"DENAIN";"59172"
"2012";"ESCAUTPONT";"59207"
"2013";"NOYELLES-SOUS-LENS";"62628"
"2018";"DENAIN";"59172"
"2018";"DENAIN";"59172"
"2018";"DENAIN";"59172"
"2018";"DENAIN";"59172"
"2018";"DENAIN";"59172"
"2018";"DENAIN";"59172"
"2018";"DENAIN";"59172"
"2018";"DENAIN";"59172"
"2018";"DENAIN";"59172"
"2018";"DENAIN";"59172"
"2018";"DENAIN";"59172"
"2017";"RUITZ";"62727"
"2012";"WIMEREUX";"62893"
"2012";"WIMEREUX";"62893"
"2012";"WIMEREUX";"62893"
"2012";"WIMEREUX";"62893"
"2012";"WIMEREUX";"62893"
"2012";"WIMEREUX";"62893"
"2008";"HARNES";"62413"
"2008";"HARNES";"62413"
"2008";"HARNES";"62413"
"2008";"HARNES";"62413"
"2008";"HARNES";"62413"
"2018";"ENNEVELIN";"59197"
"2016";"CARVIN";"62215"
"2016";"CARVIN";"62215"
"2016";"CARVIN";"62215"
"2018";"ESCAUDAIN";"59205"
"2008";"HALLUIN";"59279"
"2018";"ARQUES";"62040"
"2015";"FOURMIES";"59249"
"2015";"FOURMIES";"59249"
"2015";"FOURMIES";"59249"
"2006";"ESCAUDAIN";"59205"
"2006";"ESCAUDAIN";"59205"
"2006";"ESCAUDAIN";"59205"
"2011";"CONDE-SUR-L'ESCAUT";"59153"
"2011";"CONDE-SUR-L'ESCAUT";"59153"
"2012";"AULNOYE-AYMERIES";"59033"
"2012";"AULNOYE-AYMERIES";"59033"
"2012";"AULNOYE-AYMERIES";"59033"
"2012";"AULNOYE-AYMERIES";"59033"
"2012";"AULNOYE-AYMERIES";"59033"
"2012";"AULNOYE-AYMERIES";"59033"
"2012";"AULNOYE-AYMERIES";"59033"
"2014";"CARVIN";"62215"
"2014";"CARVIN";"62215"
"2014";"CARVIN";"62215"
"2014";"CARVIN";"62215"
"2005";"SAINT-NICOLAS";"62764"
"2013";"PROUVY";"59475"
"2006";"SAINT-VENANT";"62770"
"2013";"LILLE";"59350"
"2013";"LILLE";"59350"
"2013";"LILLE";"59350"
"2013";"LILLE";"59350"
"2013";"LILLE";"59350"
"2013";"LILLE";"59350"
"2013";"LILLE";"59350"
"2013";"LILLE";"59350"
"2013";"LILLE";"59350"
"2013";"LILLE";"59350"
"2013";"LILLE";"59350"
"2013";"LILLE";"59350"
"2013";"LILLE";"59350"
"2013";"LILLE";"59350"
"2013";"LILLE";"59350"
"2013";"LILLE";"59350"
"2013";"LILLE";"59350"
"2013";"LILLE";"59350"
"2013";"LILLE";"59350"
"2013";"LILLE";"59350"
"2013";"LILLE";"59350"
"2013";"LILLE";"59350"
"2013";"LILLE";"59350"
"2013";"LILLE";"59350"
"2013";"LILLE";"59350"
"2014";"LOUVROIL";"59365"
"2014";"LOUVROIL";"59365"
"2014";"LOUVROIL";"59365"
"2014";"LOUVROIL";"59365"
"2014";"LOUVROIL";"59365"
"2014";"LOUVROIL";"59365"
"2014";"LOUVROIL";"59365"
"2014";"LOUVROIL";"59365"
"2014";"TRELON";"59601"
"2015";"NOYELLES-GODAULT";"62624"
"2017";"AULNOYE-AYMERIES";"59033"
"2017";"AULNOYE-AYMERIES";"59033"
"2017";"AULNOYE-AYMERIES";"59033"
"2017";"AULNOYE-AYMERIES";"59033"
"2017";"AULNOYE-AYMERIES";"59033"
"2017";"AULNOYE-AYMERIES";"59033"
"2017";"AULNOYE-AYMERIES";"59033"
"2017";"AULNOYE-AYMERIES";"59033"
"2017";"AULNOYE-AYMERIES";"59033"
"2017";"AULNOYE-AYMERIES";"59033"
"2017";"ARRAS";"62041"
"2010";"FERRIERE-LA-GRANDE";"59230"
"2011";"JEUMONT";"59324"
"2011";"JEUMONT";"59324"
"2011";"JEUMONT";"59324"
"2018";"AFFRINGUES";"62010"
"2018";"AFFRINGUES";"62010"
"2016";"LOUVROIL";"59365"
"2016";"LOUVROIL";"59365"
"2016";"LOUVROIL";"59365"
"2016";"LOUVROIL";"59365"
"2016";"LOUVROIL";"59365"
"2016";"LOUVROIL";"59365"
"2016";"LOUVROIL";"59365"
"2016";"LOUVROIL";"59365"
"2016";"TRELON";"59601"
"2018";"SAINT-VENANT";"62770"
"2013";"LECLUSE";"59336"
"2013";"LECLUSE";"59336"
"2009";"DENAIN";"59172"
"2009";"DENAIN";"59172"
"2009";"DENAIN";"59172"
"2009";"DENAIN";"59172"
"2009";"DENAIN";"59172"
"2009";"DENAIN";"59172"
"2009";"DENAIN";"59172"
"2009";"DENAIN";"59172"
"2009";"DENAIN";"59172"
"2009";"DENAIN";"59172"
"2009";"DENAIN";"59172"
"2009";"DENAIN";"59172"
"2009";"DENAIN";"59172"
"2009";"DENAIN";"59172"
"2009";"DENAIN";"59172"
"2009";"DENAIN";"59172"
"2017";"BOUSBECQUE";"59098"
"2003";"NOYELLES-SOUS-LENS";"62628"
"2003";"NOYELLES-SOUS-LENS";"62628"
"2003";"NOYELLES-SOUS-LENS";"62628"
"2003";"NOYELLES-SOUS-LENS";"62628"
"2003";"NOYELLES-SOUS-LENS";"62628"
"2017";"SOMAIN";"59574"
"2015";"VIEUX-CONDE";"59616"
"2015";"VIEUX-CONDE";"59616"
"2015";"VIEUX-CONDE";"59616"
"2015";"VIEUX-CONDE";"59616"
"2015";"VIEUX-CONDE";"59616"
"2018";"LILLERS";"62516"
"2017";"WIGNEHIES";"59659"
"2016";"BREMES";"62174"
"2006";"LILLERS";"62516"
"2009";"FERQUES";"62329"
"2010";"DENAIN";"59172"
"2010";"DENAIN";"59172"
"2010";"DENAIN";"59172"
"2010";"DENAIN";"59172"
"2018";"AUCHY-LEZ-ORCHIES";"59029"
"2004";"AUBY";"59028"
"2015";"CARVIN";"62215"
"2015";"CARVIN";"62215"
"2015";"CARVIN";"62215"
"2015";"MONCHEAUX";"59408"
"2004";"TOURMIGNIES";"59600"
"2013";"ORCHIES";"59449"
"2004";"SOMAIN";"59574"
"2010";"LILLE";"59350"
"2010";"LILLE";"59350"
"2010";"LILLE";"59350"
"2010";"LILLE";"59350"
"2010";"LILLE";"59350"
"2010";"LILLE";"59350"
"2010";"LILLE";"59350"
"2010";"LILLE";"59350"
"2010";"LILLE";"59350"
"2010";"LILLE";"59350"
"2010";"LILLE";"59350"
"2010";"LILLE";"59350"
"2010";"LILLE";"59350"
"2010";"LILLE";"59350"
"2010";"LILLE";"59350"
"2010";"LILLE";"59350"
"2010";"LILLE";"59350"
"2010";"LILLE";"59350"
"2010";"LILLE";"59350"
"2010";"LILLE";"59350"
"2010";"LILLE";"59350"
"2010";"LILLE";"59350"
"2017";"BOUSSOIS";"59104"
"2002";"WATTRELOS";"59650"
"2002";"WATTRELOS";"59650"
"2002";"WATTRELOS";"59650"
"2002";"WATTRELOS";"59650"
"2016";"FOURMIES";"59249"
"2016";"FOURMIES";"59249"
"2016";"FOURMIES";"59249"
"2016";"FOURMIES";"59249"
"2016";"FOURMIES";"59249"
"2016";"FOURMIES";"59249"
"2016";"FOURMIES";"59249"
"2016";"FOURMIES";"59249"
"2016";"FOURMIES";"59249"
"2016";"FOURMIES";"59249"
"2016";"FOURMIES";"59249"
"2016";"FOURMIES";"59249"
"2016";"FOURMIES";"59249"
"2016";"FOURMIES";"59249"
"2016";"FOURMIES";"59249"
"2016";"FOURMIES";"59249"
"2016";"FOURMIES";"59249"
"2013";"FERRIERE-LA-GRANDE";"59230"
"2016";"NOYELLES-GODAULT";"62624"
"2017";"BAPAUME";"62080"
"2010";"LE QUESNOY";"59481"
"2006";"CALAIS";"62193"
"2008";"SAINT-OMER";"62765"
"2014";"NOYELLES-GODAULT";"62624"
"2015";"SALOME";"59550"
"2017";"BRUAY-SUR-L'ESCAUT";"59112"
"2017";"BRUAY-SUR-L'ESCAUT";"59112"
"2004";"MARPENT";"59385"
"2007";"AUCHEL";"62048"
"2015";"LOUVROIL";"59365"
"2015";"LOUVROIL";"59365"
"2015";"LOUVROIL";"59365"
"2015";"LOUVROIL";"59365"
"2015";"LOUVROIL";"59365"
"2015";"TRELON";"59601"
"2012";"SAINT-LAURENT-BLANGY";"62753"
"2012";"SAINT-LAURENT-BLANGY";"62753"
"2012";"SAINT-LAURENT-BLANGY";"62753"
"2012";"SAINT-LAURENT-BLANGY";"62753"
"2012";"SAINT-LAURENT-BLANGY";"62753"
"2012";"SAINT-LAURENT-BLANGY";"62753"
"2012";"SAINT-LAURENT-BLANGY";"62753"
"2012";"SAINT-LAURENT-BLANGY";"62753"
"2012";"SAINT-LAURENT-BLANGY";"62753"
"2013";"DENAIN";"59172"
"2013";"DENAIN";"59172"
"2013";"DENAIN";"59172"
"2013";"DENAIN";"59172"
"2013";"DENAIN";"59172"
"2013";"DENAIN";"59172"
"2013";"DENAIN";"59172"
"2013";"DENAIN";"59172"
"2013";"DENAIN";"59172"
"2013";"DENAIN";"59172"
"2013";"DENAIN";"59172"
"2013";"DENAIN";"59172"
"2013";"DENAIN";"59172"
"2013";"DENAIN";"59172"
"2013";"DENAIN";"59172"
"2013";"DENAIN";"59172"
"2013";"DENAIN";"59172"
"2013";"DENAIN";"59172"
"2013";"DENAIN";"59172"
"2013";"DENAIN";"59172"
"2013";"DENAIN";"59172"
"2013";"DENAIN";"59172"
"2013";"DENAIN";"59172"
"2013";"DENAIN";"59172"
"2013";"DENAIN";"59172"
"2013";"DENAIN";"59172"
"2013";"DENAIN";"59172"
"2013";"DENAIN";"59172"
"2013";"DENAIN";"59172"
"2013";"DENAIN";"59172"
"2013";"DENAIN";"59172"
"2013";"DENAIN";"59172"
"2013";"DENAIN";"59172"
"2013";"DENAIN";"59172"
"2013";"DENAIN";"59172"
"2013";"DENAIN";"59172"
"2018";"NOYELLES-SOUS-LENS";"62628"
"2006";"NOYELLES-SOUS-LENS";"62628"
"2006";"NOYELLES-SOUS-LENS";"62628"
"2013";"FLERS-EN-ESCREBIEUX";"59234"
"2013";"FLERS-EN-ESCREBIEUX";"59234"
"2013";"FLERS-EN-ESCREBIEUX";"59234"
"2016";"VIEUX-CONDE";"59616"
"2016";"VIEUX-CONDE";"59616"
"2016";"VIEUX-CONDE";"59616"
"2016";"VIEUX-CONDE";"59616"
"2016";"VIEUX-CONDE";"59616"
"2016";"VIEUX-CONDE";"59616"
"2003";"LILLERS";"62516"
"2003";"LILLERS";"62516"
"2003";"LILLERS";"62516"
"2013";"FERQUES";"62329"
"2010";"LECLUSE";"59336"
"2010";"LECLUSE";"59336"
"2010";"LECLUSE";"59336"
"2010";"LECLUSE";"59336"
"2010";"LECLUSE";"59336"
"2013";"ARMBOUTS-CAPPEL";"59016"
"2014";"VIEUX-CONDE";"59616"
"2002";"DUNKERQUE";"59183"
"2015";"RONCQ";"59508"
"2004";"AULNOYE-AYMERIES";"59033"
"2004";"AULNOYE-AYMERIES";"59033"
"2004";"ARRAS";"62041"
"2008";"CONDE-SUR-L'ESCAUT";"59153"
"2008";"CONDE-SUR-L'ESCAUT";"59153"
"2006";"LILLE";"59350"
"2008";"LALLAING";"59327"
"2008";"LALLAING";"59327"
"2009";"CALAIS";"62193"
"2009";"CALAIS";"62193"
"2009";"CALAIS";"62193"
"2009";"CALAIS";"62193"
"2009";"CALAIS";"62193"
"2009";"CALAIS";"62193"
"2011";"HARNES";"62413"
"2011";"HARNES";"62413"
"2011";"HALLUIN";"59279"
"2011";"HALLUIN";"59279"
"2011";"HALLUIN";"59279"
"2018";"LILLE";"59350"
"2018";"LILLE";"59350"
"2018";"LILLE";"59350"
"2018";"LILLE";"59350"
"2018";"LILLE";"59350"
"2018";"LILLE";"59350"
"2018";"LILLE";"59350"
"2018";"LILLE";"59350"
"2018";"LILLE";"59350"
"2018";"LILLE";"59350"
"2018";"LILLE";"59350"
"2018";"LILLE";"59350"
"2018";"LILLE";"59350"
"2018";"LILLE";"59350"
"2018";"LILLE";"59350"
"2012";"LOOS-EN-GOHELLE";"62528"
"2012";"LOOS-EN-GOHELLE";"62528"
"2012";"LOOS-EN-GOHELLE";"62528"
"2014";"ANNEQUIN";"62034"
"2017";"QUESNOY-SUR-DEULE";"59482"
"2017";"CAUDRY";"59139"
"2008";"JEUMONT";"59324"
"2008";"JEUMONT";"59324"
"2008";"JEUMONT";"59324"
"2018";"LE QUESNOY";"59481"
"2005";"GRAVELINES";"59273"
"2005";"GRAVELINES";"59273"
"2014";"OUTREAU";"62643"
"2003";"AMETTES";"62029"
"2012";"QUESNOY-SUR-DEULE";"59482"
"2017";"LOOS-EN-GOHELLE";"62528"
"2018";"AVESNES-LES-AUBERT";"59037"
"2018";"AVESNES-LES-AUBERT";"59037"
"2016";"NIELLES-LES-ARDRES";"62614"
"2010";"CALAIS";"62193"
"2012";"MARQUETTE-LEZ-LILLE";"59386"
"2012";"MARQUETTE-LEZ-LILLE";"59386"
"2012";"MARQUETTE-LEZ-LILLE";"59386"
"2010";"NOYELLES-SOUS-LENS";"62628"
"2003";"FLERS-EN-ESCREBIEUX";"59234"
"2003";"FLERS-EN-ESCREBIEUX";"59234"
"2003";"BLENDECQUES";"62139"
"2017";"HEM";"59299"
"2014";"HENIN-BEAUMONT";"62427"
"2014";"HENIN-BEAUMONT";"62427"
"2014";"HENIN-BEAUMONT";"62427"
"2014";"HENIN-BEAUMONT";"62427"
"2014";"HENIN-BEAUMONT";"62427"
"2014";"HENIN-BEAUMONT";"62427"
"2012";"ROUBAIX";"59512"
"2012";"ROUBAIX";"59512"
"2012";"ROUBAIX";"59512"
"2012";"ROUBAIX";"59512"
"2012";"ROUBAIX";"59512"
"2012";"ROUBAIX";"59512"
"2012";"ROUBAIX";"59512"
"2012";"ROUBAIX";"59512"
"2012";"ROUBAIX";"59512"
"2012";"ROUBAIX";"59512"
"2012";"ROUBAIX";"59512"
"2012";"ROUBAIX";"59512"
"2012";"ROUBAIX";"59512"
"2012";"ROUBAIX";"59512"
"2012";"ROUBAIX";"59512"
"2012";"ROUBAIX";"59512"
"2012";"ROUBAIX";"59512"
"2017";"ROUBAIX";"59512"
"2017";"ROUBAIX";"59512"
"2017";"ROUBAIX";"59512"
"2017";"ROUBAIX";"59512"
"2017";"ROUBAIX";"59512"
"2017";"ROUBAIX";"59512"
"2017";"ROUBAIX";"59512"
"2017";"ROUBAIX";"59512"
"2017";"ROUBAIX";"59512"
"2017";"ROUBAIX";"59512"
"2017";"ROUBAIX";"59512"
"2017";"ROUBAIX";"59512"
"2017";"ROUBAIX";"59512"
"2003";"DENAIN";"59172"
"2016";"SAINT-MARTIN-D'HARDINGHEM";"62760"
"2016";"SAINT-MARTIN-D'HARDINGHEM";"62760"
"2016";"SAINT-MARTIN-D'HARDINGHEM";"62760"
"2016";"SAINT-MARTIN-D'HARDINGHEM";"62760"
"2016";"SAINT-MARTIN-D'HARDINGHEM";"62760"
"2008";"WITTES";"62901"
"2009";"NOYELLES-SOUS-LENS";"62628"
"2009";"NOYELLES-SOUS-LENS";"62628"
"2006";"ROUVIGNIES";"59515"
"2015";"RENTY";"62704"
"2015";"RENTY";"62704"
"2015";"RENTY";"62704"
"2015";"RENTY";"62704"
"2015";"RENTY";"62704"
"2015";"RENTY";"62704"
"2015";"RENTY";"62704"
"2015";"RENTY";"62704"
"2015";"RENTY";"62704"
"2015";"RENTY";"62704"
"2015";"RENTY";"62704"
"2015";"RENTY";"62704"
"2015";"RENTY";"62704"
"2012";"LA SENTINELLE";"59564"
"2012";"LA SENTINELLE";"59564"
"2015";"WATTRELOS";"59650"
"2015";"WATTRELOS";"59650"
"2015";"WATTRELOS";"59650"
"2015";"WATTRELOS";"59650"
"2015";"WATTRELOS";"59650"
"2015";"WATTRELOS";"59650"
"2015";"WATTRELOS";"59650"
"2007";"BRUAY-SUR-L'ESCAUT";"59112"
"2002";"CARVIN";"62215"
"2011";"DENAIN";"59172"
"2011";"DENAIN";"59172"
"2011";"DENAIN";"59172"
"2011";"DENAIN";"59172"
"2011";"DENAIN";"59172"
"2011";"DENAIN";"59172"
"2011";"DENAIN";"59172"
"2011";"DENAIN";"59172"
"2011";"DENAIN";"59172"
"2011";"DENAIN";"59172"
"2011";"DENAIN";"59172"
"2011";"DENAIN";"59172"
"2011";"DENAIN";"59172"
"2011";"DENAIN";"59172"
"2011";"DENAIN";"59172"
"2011";"DENAIN";"59172"
"2011";"DENAIN";"59172"
"2011";"DENAIN";"59172"
"2011";"DENAIN";"59172"
"2011";"DENAIN";"59172"
"2016";"COLLERET";"59151"
"2016";"EECKE";"59189"
"2018";"LIEVIN";"62510"
"2002";"TRELON";"59601"
"2002";"TRELON";"59601"
"2002";"LOUVROIL";"59365"
"2002";"LOUVROIL";"59365"
"2002";"LOUVROIL";"59365"
"2004";"DOUAI";"59178"
"2014";"MAUBEUGE";"59392"
"2014";"MAUBEUGE";"59392"
"2014";"MAUBEUGE";"59392"
"2014";"MAUBEUGE";"59392"
"2014";"MAUBEUGE";"59392"
"2014";"MAUBEUGE";"59392"
"2014";"MAUBEUGE";"59392"
"2014";"MAUBEUGE";"59392"
"2014";"MAUBEUGE";"59392"
"2014";"MAUBEUGE";"59392"
"2014";"MAUBEUGE";"59392"
"2014";"MAUBEUGE";"59392"
"2014";"MAUBEUGE";"59392"
"2014";"MAUBEUGE";"59392"
"2015";"BLARINGHEM";"59084"
"2011";"FLERS-EN-ESCREBIEUX";"59234"
"2008";"NOYELLES-SOUS-LENS";"62628"
"2008";"NOYELLES-SOUS-LENS";"62628"
"2008";"NOYELLES-SOUS-LENS";"62628"
"2008";"NOYELLES-SOUS-LENS";"62628"
"2008";"NOYELLES-SOUS-LENS";"62628"
"2018";"WINGLES";"62895"
"2018";"WINGLES";"62895"
"2018";"WINGLES";"62895"
"2018";"WINGLES";"62895"
"2018";"WINGLES";"62895"
"2018";"WINGLES";"62895"
"2018";"WINGLES";"62895"
"2018";"WINGLES";"62895"
"2018";"WINGLES";"62895"
"2018";"WINGLES";"62895"
"2018";"WINGLES";"62895"
"2018";"WINGLES";"62895"
"2018";"WINGLES";"62895"
"2018";"WINGLES";"62895"
"2018";"WINGLES";"62895"
"2018";"WINGLES";"62895"
"2018";"WINGLES";"62895"
"2018";"WINGLES";"62895"
"2018";"WINGLES";"62895"
"2018";"WINGLES";"62895"
"2018";"WINGLES";"62895"
"2018";"WINGLES";"62895"
"2018";"WINGLES";"62895"
"2018";"WINGLES";"62895"
"2018";"WINGLES";"62895"
"2018";"WINGLES";"62895"
"2018";"WINGLES";"62895"
"2018";"WINGLES";"62895"
"2018";"WINGLES";"62895"
"2018";"WINGLES";"62895"
"2018";"WINGLES";"62895"
"2018";"WINGLES";"62895"
"2018";"WINGLES";"62895"
"2018";"WINGLES";"62895"
"2018";"WINGLES";"62895"
"2018";"WINGLES";"62895"
"2018";"WINGLES";"62895"
"2018";"WINGLES";"62895"
"2018";"WINGLES";"62895"
"2018";"WINGLES";"62895"
"2018";"WINGLES";"62895"
"2018";"WINGLES";"62895"
"2018";"WINGLES";"62895"
"2018";"WINGLES";"62895"
"2018";"WINGLES";"62895"
"2018";"WINGLES";"62895"
"2018";"WINGLES";"62895"
"2018";"WINGLES";"62895"
"2018";"WINGLES";"62895"
"2018";"WINGLES";"62895"
"2018";"WINGLES";"62895"
"2018";"WINGLES";"62895"
"2018";"WINGLES";"62895"
"2016";"MAUBEUGE";"59392"
"2016";"MAUBEUGE";"59392"
"2016";"MAUBEUGE";"59392"
"2016";"MAUBEUGE";"59392"
"2016";"MAUBEUGE";"59392"
"2016";"MAUBEUGE";"59392"
"2016";"MAUBEUGE";"59392"
"2016";"MAUBEUGE";"59392"
"2016";"MAUBEUGE";"59392"
"2016";"MAUBEUGE";"59392"
"2016";"MAUBEUGE";"59392"
"2014";"BERGUES";"59067"
"2017";"WANNEHAIN";"59638"
"2009";"CONDE-SUR-L'ESCAUT";"59153"
"2018";"SAINT-OMER";"62765"
"2018";"ARMENTIERES";"59017"
"2018";"ARMENTIERES";"59017"
"2002";"NEUVILLE-SAINT-REMY";"59428"
"2016";"RUMILLY";"62729"
"2016";"RUMILLY";"62729"
"2016";"RUMILLY";"62729"
"2011";"ORCHIES";"59449"
"2011";"ORCHIES";"59449"
"2017";"SAILLY-SUR-LA-LYS";"62736"
"2015";"DUNKERQUE";"59183"
"2015";"DUNKERQUE";"59183"
"2015";"ESQUELBECQ";"59210"
"2018";"DON";"59670"
"2009";"JEUMONT";"59324"
"2009";"JEUMONT";"59324"
"2009";"JEUMONT";"59324"
"2009";"JEUMONT";"59324"
"2009";"JEUMONT";"59324"
"2008";"FRETHUN";"62360"
"2015";"HOUPLINES";"59317"
"2015";"HOUPLINES";"59317"
"2015";"HOUPLINES";"59317"
"2015";"HOUPLINES";"59317"
"2015";"HOUPLINES";"59317"
"2015";"HOUPLINES";"59317"
"2015";"HOUPLINES";"59317"
"2015";"HOUPLINES";"59317"
"2012";"SAILLY-SUR-LA-LYS";"62736"
"2012";"SAILLY-SUR-LA-LYS";"62736"
"2010";"CONDE-SUR-L'ESCAUT";"59153"
"2010";"CONDE-SUR-L'ESCAUT";"59153"
"2018";"BLEQUIN";"62140"
"2018";"BLEQUIN";"62140"
"2005";"BERSEE";"59071"
"2016";"COURCELLES-LES-LENS";"62249"
"2005";"EVIN-MALMAISON";"62321"
"2015";"LENS";"62498"
"2010";"AVESNES-SUR-HELPE";"59036"
"2010";"ANOR";"59012"
"2010";"ANOR";"59012"
"2000";"ROUBAIX";"59512"
"2000";"ROUBAIX";"59512"
"2000";"ROUBAIX";"59512"
"2000";"ROUBAIX";"59512"
"2000";"ROUBAIX";"59512"
"2000";"ROUBAIX";"59512"
"2000";"ROUBAIX";"59512"
"2007";"WALLERS-EN-FAGNE";"59633"
"2015";"CRESPIN";"59160"
"2015";"THEROUANNE";"62811"
"2016";"COULOGNE";"62244"
"2006";"JEUMONT";"59324"
"2010";"SAINT-OMER";"62765"
"2010";"SAINT-OMER";"62765"
"2011";"STEENWERCK";"59581"
"2009";"VITRY-EN-ARTOIS";"62865"
"2015";"VERCHOCQ";"62844"
"2015";"VERCHOCQ";"62844"
"2015";"VERCHOCQ";"62844"
"2015";"VERCHOCQ";"62844"
"2016";"HERGNIES";"59301"
"2010";"ARMENTIERES";"59017"
"2010";"ARMENTIERES";"59017"
"2012";"NEUVILLE-SUR-ESCAUT";"59429"
"2013";"HARNES";"62413"
"2009";"SAINT-AMAND-LES-EAUX";"59526"
"2012";"VALENCIENNES";"59606"
"2007";"ROUBAIX";"59512"
"2007";"ROUBAIX";"59512"
"2007";"ROUBAIX";"59512"
"2007";"ROUBAIX";"59512"
"2007";"ROUBAIX";"59512"
"2007";"ROUBAIX";"59512"
"2007";"ROUBAIX";"59512"
"2003";"BURBURE";"62188"
"2011";"MERRIS";"59399"
"2012";"BOURBOURG";"59094"
"2008";"WILLEMS";"59660"
"2006";"CONDE-SUR-L'ESCAUT";"59153"
"2006";"CONDE-SUR-L'ESCAUT";"59153"
"2006";"CONDE-SUR-L'ESCAUT";"59153"
"2006";"CONDE-SUR-L'ESCAUT";"59153"
"2011";"ESCAUDAIN";"59205"
"2011";"ESCAUDAIN";"59205"
"2011";"ESCAUDAIN";"59205"
"2010";"GODEWAERSVELDE";"59262"
"2011";"ARQUES";"62040"
"2015";"ROQUETOIRE";"62721"
"2019";"VILLERS-LES-CAGNICOURT";"62858"
"2011";"ENNEVELIN";"59197"
"2009";"SAINT-OMER";"62765"
"2009";"SAINT-OMER";"62765"
"2017";"VALENCIENNES";"59606"
"2017";"VALENCIENNES";"59606"
"2017";"VALENCIENNES";"59606"
"2017";"VALENCIENNES";"59606"
"2017";"VALENCIENNES";"59606"
"2004";"TOURCOING";"59599"
"2004";"TOURCOING";"59599"
"2004";"TOURCOING";"59599"
"2004";"TOURCOING";"59599"
"2004";"TOURCOING";"59599"
"2004";"TOURCOING";"59599"
"2004";"TOURCOING";"59599"
"2004";"TOURCOING";"59599"
"2008";"DENAIN";"59172"
"2008";"DENAIN";"59172"
"2008";"DENAIN";"59172"
"2008";"DENAIN";"59172"
"2008";"DENAIN";"59172"
"2008";"DENAIN";"59172"
"2008";"DENAIN";"59172"
"2008";"DENAIN";"59172"
"2008";"DENAIN";"59172"
"2008";"DENAIN";"59172"
"2008";"DENAIN";"59172"
"2008";"DENAIN";"59172"
"2008";"DENAIN";"59172"
"2008";"DENAIN";"59172"
"2008";"DENAIN";"59172"
"2008";"DENAIN";"59172"
"2008";"DENAIN";"59172"
"2008";"DENAIN";"59172"
"2008";"DENAIN";"59172"
"2008";"DENAIN";"59172"
"2008";"DENAIN";"59172"
"2014";"LENS";"62498"
"2014";"LENS";"62498"
"2014";"LENS";"62498"
"2014";"LENS";"62498"
"2014";"LENS";"62498"
"2014";"LENS";"62498"
"2005";"SAINT-MARTIN-BOULOGNE";"62758"
"2012";"TOURCOING";"59599"
"2012";"TOURCOING";"59599"
"2012";"TOURCOING";"59599"
"2012";"TOURCOING";"59599"
"2008";"SALLAUMINES";"62771"
"2013";"LIEVIN";"62510"
"2013";"LIEVIN";"62510"
"2011";"NOYELLES-SOUS-LENS";"62628"
"2011";"NOYELLES-SOUS-LENS";"62628"
"2017";"TOURCOING";"59599"
"2017";"TOURCOING";"59599"
"2016";"AUBENCHEUL-AU-BAC";"59023"
"2004";"VALENCIENNES";"59606"
"2017";"MASNY";"59390"
"2016";"THEROUANNE";"62811"
"2016";"THEROUANNE";"62811"
"2014";"CRESPIN";"59160"
"2014";"CRESPIN";"59160"
"2009";"HARNES";"62413"
"2009";"HARNES";"62413"
"2006";"BOULOGNE-SUR-MER";"62160"
"2016";"VERCHOCQ";"62844"
"2016";"VERCHOCQ";"62844"
"2009";"HALLUIN";"59279"
"2009";"HALLUIN";"59279"
"2009";"HALLUIN";"59279"
"2015";"HERGNIES";"59301"
"2011";"FAUQUEMBERGUES";"62325"
"2012";"HAUTMONT";"59291"
"2012";"HAUTMONT";"59291"
"2014";"VERCHOCQ";"62844"
"2014";"VERCHOCQ";"62844"
"2014";"VERCHOCQ";"62844"
"2008";"FERRIERE-LA-GRANDE";"59230"
"2017";"HAUTMONT";"59291"
"2017";"HAUTMONT";"59291"
"2013";"ARMENTIERES";"59017"
"2013";"ARMENTIERES";"59017"
"2013";"ARMENTIERES";"59017"
"2013";"ARMENTIERES";"59017"
"2013";"ARMENTIERES";"59017"
"2013";"ARMENTIERES";"59017"
"2010";"HARNES";"62413"
"2010";"HARNES";"62413"
"2010";"HARNES";"62413"
"2012";"BEUVRAGES";"59079"
"2012";"BEUVRAGES";"59079"
"2012";"BEUVRAGES";"59079"
"2012";"BEUVRAGES";"59079"
"2016";"RAIMBEAUCOURT";"59489"
"2016";"RAIMBEAUCOURT";"59489"
"2016";"RAIMBEAUCOURT";"59489"
"2010";"HALLUIN";"59279"
"2010";"HALLUIN";"59279"
"2010";"HALLUIN";"59279"
"2010";"HALLUIN";"59279"
"2010";"HALLUIN";"59279"
"2010";"HALLUIN";"59279"
"2010";"HALLUIN";"59279"
"2010";"HALLUIN";"59279"
"2007";"ARRAS";"62041"
"2016";"WATTRELOS";"59650"
"2016";"WATTRELOS";"59650"
"2016";"WATTRELOS";"59650"
"2016";"WATTRELOS";"59650"
"2016";"WATTRELOS";"59650"
"2016";"WATTRELOS";"59650"
"2016";"WATTRELOS";"59650"
"2016";"WATTRELOS";"59650"
"2016";"WATTRELOS";"59650"
"2003";"ANOR";"59012"
"2003";"ANOR";"59012"
"2011";"FENAIN";"59227"
"2011";"FENAIN";"59227"
"2011";"FENAIN";"59227"
"2016";"RENTY";"62704"
"2016";"RENTY";"62704"
"2014";"WATTRELOS";"59650"
"2014";"WATTRELOS";"59650"
"2014";"WATTRELOS";"59650"
"2014";"WATTRELOS";"59650"
"2014";"WATTRELOS";"59650"
"2014";"WATTRELOS";"59650"
"2014";"WATTRELOS";"59650"
"2008";"LILLERS";"62516"
"2008";"LILLERS";"62516"
"2014";"RENTY";"62704"
"2014";"RENTY";"62704"
"2014";"RENTY";"62704"
"2014";"RENTY";"62704"
"2014";"RENTY";"62704"
"2014";"RENTY";"62704"
"2014";"RENTY";"62704"
"2017";"HAZEBROUCK";"59295"
"2017";"HAZEBROUCK";"59295"
"2017";"HAZEBROUCK";"59295"
"2010";"MORTAGNE-DU-NORD";"59418"
"2007";"MARŒUIL";"62557"
"2007";"MARŒUIL";"62557"
"2015";"MAUBEUGE";"59392"
"2015";"MAUBEUGE";"59392"
"2015";"MAUBEUGE";"59392"
"2015";"MAUBEUGE";"59392"
"2015";"MAUBEUGE";"59392"
"2015";"MAUBEUGE";"59392"
"2015";"MAUBEUGE";"59392"
"2015";"MAUBEUGE";"59392"
"2015";"MAUBEUGE";"59392"
"2015";"MAUBEUGE";"59392"
"2015";"MAUBEUGE";"59392"
"2016";"WANDIGNIES-HAMAGE";"59637"
"2016";"LE CATEAU-CAMBRESIS";"59136"
"2014";"WAVRANS-SUR-L'AA";"62882"
"2004";"AUCHEL";"62048"
"2004";"AUCHEL";"62048"
"2004";"AUCHEL";"62048"
"2012";"DOUAI";"59178"
"2010";"BURBURE";"62188"
"2010";"BURBURE";"62188"
"2010";"BURBURE";"62188"
"2016";"SAINT-LEONARD";"62755"
"2016";"BRUAY-LA-BUISSIERE";"62178"
"2016";"BRUAY-LA-BUISSIERE";"62178"
"2012";"GENECH";"59258"
"2013";"JEUMONT";"59324"
"2013";"JEUMONT";"59324"
"2013";"JEUMONT";"59324"
"2013";"JEUMONT";"59324"
"2013";"JEUMONT";"59324"
"2013";"JEUMONT";"59324"
"2013";"JEUMONT";"59324"
"2016";"EMMERIN";"59193"
"2016";"EMMERIN";"59193"
"2016";"HOUPLINES";"59317"
"2016";"HOUPLINES";"59317"
"2016";"DUNKERQUE";"59183"
"2016";"DUNKERQUE";"59183"
"2008";"ESCAUDAIN";"59205"
"2008";"ESCAUDAIN";"59205"
"2008";"ESCAUDAIN";"59205"
"2008";"ESCAUDAIN";"59205"
"2008";"ESCAUDAIN";"59205"
"2008";"ESCAUDAIN";"59205"
"2011";"LILLE";"59350"
"2011";"LILLE";"59350"
"2011";"LILLE";"59350"
"2011";"LILLE";"59350"
"2011";"LILLE";"59350"
"2011";"LILLE";"59350"
"2011";"LILLE";"59350"
"2011";"LILLE";"59350"
"2011";"LILLE";"59350"
"2011";"LILLE";"59350"
"2011";"LILLE";"59350"
"2011";"LILLE";"59350"
"2011";"LILLE";"59350"
"2011";"LILLE";"59350"
"2011";"LILLE";"59350"
"2011";"LILLE";"59350"
"2011";"LILLE";"59350"
"2011";"LILLE";"59350"
"2011";"LILLE";"59350"
"2011";"LILLE";"59350"
"2011";"LILLE";"59350"
"2011";"LILLE";"59350"
"2011";"LILLE";"59350"
"2011";"LILLE";"59350"
"2011";"LILLE";"59350"
"2011";"LILLE";"59350"
"2011";"LILLE";"59350"
"2011";"LILLE";"59350"
"2011";"LILLE";"59350"
"2014";"HOUPLINES";"59317"
"2014";"HOUPLINES";"59317"
"2014";"HOUPLINES";"59317"
"2014";"HOUPLINES";"59317"
"2014";"HOUPLINES";"59317"
"2014";"DUNKERQUE";"59183"
"2017";"DOUAI";"59178"
"2017";"DOUAI";"59178"
"2017";"DOUAI";"59178"
"2006";"DUNKERQUE";"59183"
"2008";"CARVIN";"62215"
"2008";"CARVIN";"62215"
"2008";"CARVIN";"62215"
"2008";"CARVIN";"62215"
"2008";"CARVIN";"62215"
"2008";"CARVIN";"62215"
"2008";"CARVIN";"62215"
"2008";"CARVIN";"62215"
"2008";"CARVIN";"62215"
"2008";"CARVIN";"62215"
"2008";"CARVIN";"62215"
"2008";"MONCHEAUX";"59408"
"2008";"MONCHEAUX";"59408"
"2008";"MONCHEAUX";"59408"
"2008";"MONCHEAUX";"59408"
"2008";"MONCHEAUX";"59408"
"2010";"RAIMBEAUCOURT";"59489"
"2010";"RAIMBEAUCOURT";"59489"
"2017";"MOUVAUX";"59421"
"2017";"MOUVAUX";"59421"
"2015";"VILLERS-OUTREAUX";"59624"
"2015";"VILLERS-OUTREAUX";"59624"
"2014";"HALLUIN";"59279"
"2014";"HALLUIN";"59279"
"2014";"HALLUIN";"59279"
"2014";"HALLUIN";"59279"
"2014";"HALLUIN";"59279"
"2014";"HALLUIN";"59279"
"2014";"HALLUIN";"59279"
"2014";"HALLUIN";"59279"
"2004";"OIGNIES";"62637"
"2004";"OIGNIES";"62637"
"2018";"BRUAY-LA-BUISSIERE";"62178"
"2018";"BRUAY-LA-BUISSIERE";"62178"
"2013";"BAILLEUL";"59043"
"2018";"DUNKERQUE";"59183"
"2014";"SAINT-PYTHON";"59541"
"2002";"NOYELLES-SOUS-LENS";"62628"
"2002";"NOYELLES-SOUS-LENS";"62628"
"2016";"RUBROUCK";"59516"
"2017";"ACHICOURT";"62004"
"2017";"ACHICOURT";"62004"
"2017";"ACHICOURT";"62004"
"2015";"ARMENTIERES";"59017"
"2015";"ARMENTIERES";"59017"
"2015";"ARMENTIERES";"59017"
"2015";"ARMENTIERES";"59017"
"2015";"ARMENTIERES";"59017"
"2015";"ARMENTIERES";"59017"
"2015";"ARMENTIERES";"59017"
"2015";"ARMENTIERES";"59017"
"2015";"ARMENTIERES";"59017"
"2015";"ARMENTIERES";"59017"
"2015";"ARMENTIERES";"59017"
"2009";"RAIMBEAUCOURT";"59489"
"2009";"RAIMBEAUCOURT";"59489"
"2015";"SAINT-OMER";"62765"
"2015";"SAINT-OMER";"62765"
"2016";"SAINT-PYTHON";"59541"
"2016";"SAINT-PYTHON";"59541"
"2008";"LOUVROIL";"59365"
"2008";"LOUVROIL";"59365"
"2008";"LOUVROIL";"59365"
"2008";"LOUVROIL";"59365"
"2008";"TRELON";"59601"
"2008";"TRELON";"59601"
"2005";"DOUAI";"59178"
"2006";"LA GORGUE";"59268"
"2006";"LA GORGUE";"59268"
"2012";"MARLY";"59383"
"2012";"MARLY";"59383"
"2012";"MARLY";"59383"
"2007";"SAINT-NICOLAS";"62764"
"2018";"WANDIGNIES-HAMAGE";"59637"
"2008";"BEAUVOIR-WAVANS";"62881"
"2010";"CRESPIN";"59160"
"2010";"CRESPIN";"59160"
"2010";"CRESPIN";"59160"
"2010";"CRESPIN";"59160"
"2007";"CURGIES";"59166"
"2007";"CURGIES";"59166"
"2007";"CURGIES";"59166"
"2011";"MAZINGARBE";"62563"
"2009";"LENS";"62498"
"2009";"LENS";"62498"
"2009";"LENS";"62498"
"2009";"LENS";"62498"
"2009";"LENS";"62498"
"2009";"LENS";"62498"
"2009";"LENS";"62498"
"2009";"LENS";"62498"
"2015";"DOUVRIN";"62276"
"2006";"COURCHELETTES";"59156"
"2010";"LENS";"62498"
"2010";"LENS";"62498"
"2010";"LENS";"62498"
"2010";"LENS";"62498"
"2010";"LENS";"62498"
"2010";"LENS";"62498"
"2010";"LENS";"62498"
"2010";"LENS";"62498"
"2010";"LENS";"62498"
"2010";"LENS";"62498"
"2010";"LENS";"62498"
"2009";"CRESPIN";"59160"
"2009";"CRESPIN";"59160"
"2009";"CRESPIN";"59160"
"2007";"QUAROUBLE";"59479"
"2007";"QUAROUBLE";"59479"
"2007";"QUAROUBLE";"59479"
"2007";"QUAROUBLE";"59479"
"2007";"QUAROUBLE";"59479"
"2006";"WATTRELOS";"59650"
"2006";"WATTRELOS";"59650"
"2006";"WATTRELOS";"59650"
"2015";"ANOR";"59012"
"2015";"ANOR";"59012"
"2015";"ANOR";"59012"
"2015";"AVESNES-SUR-HELPE";"59036"
"2018";"WATTRELOS";"59650"
"2018";"WATTRELOS";"59650"
"2011";"ROOST-WARENDIN";"59509"
"2015";"VILLERS-EN-CAUCHIES";"59622"
"2017";"MARLY";"59383"
"2017";"MARLY";"59383"
"2017";"MARLY";"59383"
"2018";"MAROILLES";"59384"
"2018";"RENTY";"62704"
"2018";"RENTY";"62704"
"2018";"RENTY";"62704"
"2016";"TETEGHEM-COUDEKERQUE-VILLAGE";"59588"
"2016";"TETEGHEM-COUDEKERQUE-VILLAGE";"59588"
"2011";"CROIX";"59163"
"2005";"BEUVRAGES";"59079"
"2015";"CONDE-SUR-L'ESCAUT";"59153"
"2015";"CONDE-SUR-L'ESCAUT";"59153"
"2015";"CONDE-SUR-L'ESCAUT";"59153"
"2011";"FOURMIES";"59249"
"2011";"FOURMIES";"59249"
"2018";"RAIMBEAUCOURT";"59489"
"2018";"RAIMBEAUCOURT";"59489"
"2006";"RAIMBEAUCOURT";"59489"
"2006";"RAIMBEAUCOURT";"59489"
"2012";"LE WAST";"62880"
"2012";"LE WAST";"62880"
"2010";"DUNKERQUE";"59183"
"2010";"DUNKERQUE";"59183"
"2010";"DUNKERQUE";"59183"
"2017";"FEUCHY";"62331"
"2010";"BRUAY-LA-BUISSIERE";"62178"
"2010";"BRUAY-LA-BUISSIERE";"62178"
"2010";"BRUAY-LA-BUISSIERE";"62178"
"2009";"DUNKERQUE";"59183"
"2009";"DUNKERQUE";"59183"
"2009";"DUNKERQUE";"59183"
"2001";"NOYELLES-SOUS-LENS";"62628"
"2001";"NOYELLES-SOUS-LENS";"62628"
"2001";"NOYELLES-SOUS-LENS";"62628"
"2001";"NOYELLES-SOUS-LENS";"62628"
"2014";"WATTIGNIES";"59648"
"2014";"WATTIGNIES";"59648"
"2015";"JEUMONT";"59324"
"2007";"BETHUNE";"62119"
"2007";"BETHUNE";"62119"
"2007";"BETHUNE";"62119"
"2007";"BETHUNE";"62119"
"2009";"BRUAY-LA-BUISSIERE";"62178"
"2007";"TEMPLEUVE-EN-PEVELE";"59586"
"2007";"TEMPLEUVE-EN-PEVELE";"59586"
"2007";"TEMPLEUVE-EN-PEVELE";"59586"
"2007";"TEMPLEUVE-EN-PEVELE";"59586"
"2007";"TEMPLEUVE-EN-PEVELE";"59586"
"2007";"TEMPLEUVE-EN-PEVELE";"59586"
"2009";"ROSULT";"59511"
"2009";"ROSULT";"59511"
"2015";"SAINT-SAULVE";"59544"
"2006";"PECQUENCOURT";"59456"
"2006";"PECQUENCOURT";"59456"
"2009";"FEIGNIES";"59225"
"2018";"VERCHOCQ";"62844"
"2018";"VERCHOCQ";"62844"
"2011";"NOYELLES-GODAULT";"62624"
"2014";"BOULOGNE-SUR-MER";"62160"
"2012";"COUDEKERQUE-BRANCHE";"59155"
"2012";"COUDEKERQUE-BRANCHE";"59155"
"2009";"WATTRELOS";"59650"
"2009";"WATTRELOS";"59650"
"2009";"WATTRELOS";"59650"
"2017";"MONTREUIL";"62588"
"2007";"BOUQUEHAULT";"62161"
"2007";"BOUQUEHAULT";"62161"
"2017";"VILLERS-LES-CAGNICOURT";"62858"
"2017";"VILLERS-LES-CAGNICOURT";"62858"
"2005";"TOURCOING";"59599"
"2018";"LENS";"62498"
"2018";"LENS";"62498"
"2018";"LENS";"62498"
"2006";"LENS";"62498"
"2006";"LENS";"62498"
"2006";"LENS";"62498"
"2006";"LENS";"62498"
"2006";"LENS";"62498"
"2006";"LENS";"62498"
"2006";"LENS";"62498"
"2006";"LENS";"62498"
"2006";"LENS";"62498"
"2006";"LENS";"62498"
"2006";"LENS";"62498"
"2006";"LENS";"62498"
"2006";"LENS";"62498"
"2006";"LENS";"62498"
"2006";"LENS";"62498"
"2006";"LENS";"62498"
"2006";"LENS";"62498"
"2006";"LENS";"62498"
"2013";"MAUBEUGE";"59392"
"2013";"MAUBEUGE";"59392"
"2013";"MAUBEUGE";"59392"
"2013";"MAUBEUGE";"59392"
"2013";"MAUBEUGE";"59392"
"2013";"MAUBEUGE";"59392"
"2019";"VALENCIENNES";"59606"
"2019";"VALENCIENNES";"59606"
"2007";"CYSOING";"59168"
"2010";"WATTRELOS";"59650"
"2010";"WATTRELOS";"59650"
"2010";"WATTRELOS";"59650"
"2011";"VIEUX-CONDE";"59616"
"2011";"VIEUX-CONDE";"59616"
"2017";"COUDEKERQUE-BRANCHE";"59155"
"2018";"RAISMES";"59491"
"2018";"RAISMES";"59491"
"2016";"CONDE-SUR-L'ESCAUT";"59153"
"2016";"CONDE-SUR-L'ESCAUT";"59153"
"2017";"DIVION";"62270"
"2017";"DIVION";"62270"
"2009";"AVION";"62065"
"2011";"CARVIN";"62215"
"2011";"CARVIN";"62215"
"2014";"CONDE-SUR-L'ESCAUT";"59153"
"2014";"CONDE-SUR-L'ESCAUT";"59153"
"2014";"CONDE-SUR-L'ESCAUT";"59153"
"2014";"CONDE-SUR-L'ESCAUT";"59153"
"2004";"SAINT-MARTIN-BOULOGNE";"62758"
"2013";"DUNKERQUE";"59183"
"2013";"DUNKERQUE";"59183"
"2011";"LOUVROIL";"59365"
"2011";"LOUVROIL";"59365"
"2011";"LOUVROIL";"59365"
"2011";"LOUVROIL";"59365"
"2013";"HOUPLINES";"59317"
"2013";"HOUPLINES";"59317"
"2016";"JEUMONT";"59324"
"2016";"JEUMONT";"59324"
"2016";"JEUMONT";"59324"
"2016";"JEUMONT";"59324"
"2002";"FLERS-EN-ESCREBIEUX";"59234"
"2016";"SAINT-SAULVE";"59544"
"2016";"SAINT-SAULVE";"59544"
"2016";"SAINT-SAULVE";"59544"
"2011";"MARLES-LES-MINES";"62555"
"2006";"BAILLEUL";"59043"
"2014";"JEUMONT";"59324"
"2014";"JEUMONT";"59324"
"2014";"JEUMONT";"59324"
"2014";"JEUMONT";"59324"
"2014";"JEUMONT";"59324"
"2013";"MAROILLES";"59384"
"2013";"MAROILLES";"59384"
"2016";"BETHENCOURT";"59075"
"2013";"RENTY";"62704"
"2013";"RENTY";"62704"
"2016";"STEENVOORDE";"59580"
"2013";"WATTRELOS";"59650"
"2013";"WATTRELOS";"59650"
"2013";"WATTRELOS";"59650"
"2013";"WATTRELOS";"59650"
"2013";"WATTRELOS";"59650"
"2013";"WATTRELOS";"59650"
"2013";"WATTRELOS";"59650"
"2017";"SENINGHEM";"62788"
"2017";"SENINGHEM";"62788"
"2017";"SENINGHEM";"62788"
"2017";"LEERS";"59339"
"2008";"HENIN-BEAUMONT";"62427"
"2008";"HENIN-BEAUMONT";"62427"
"2008";"HENIN-BEAUMONT";"62427"
"2008";"HENIN-BEAUMONT";"62427"
"2008";"HENIN-BEAUMONT";"62427"
"2016";"ANSTAING";"59013"
"2009";"BERGUES";"59067"
"2018";"LOISON-SOUS-LENS";"62523"
"2018";"LOISON-SOUS-LENS";"62523"
"2017";"FACHES-THUMESNIL";"59220"
"2017";"FACHES-THUMESNIL";"59220"
"2003";"LENS";"62498"
"2003";"LENS";"62498"
"2003";"DUNKERQUE";"59183"
"2016";"VILLERS-OUTREAUX";"59624"
"2012";"NEUF-BERQUIN";"59423"
"2012";"NEUF-BERQUIN";"59423"
"2003";"BRUAY-LA-BUISSIERE";"62178"
"2003";"BRUAY-LA-BUISSIERE";"62178"
"2012";"FRESNES-SUR-ESCAUT";"59253"
"2012";"FRESNES-SUR-ESCAUT";"59253"
"2015";"HALLUIN";"59279"
"2015";"HALLUIN";"59279"
"2015";"HALLUIN";"59279"
"2014";"VILLERS-OUTREAUX";"59624"
"2013";"BEAUVOIS-EN-CAMBRESIS";"59063"
"2011";"NIEPPE";"59431"
"2011";"NIEPPE";"59431"
"2011";"NIEPPE";"59431"
"2011";"NIEPPE";"59431"
"2016";"GODEWAERSVELDE";"59262"
"2018";"RUMILLY";"62729"
"2010";"BAILLEUL";"59043"
"2014";"SAINT-OMER";"62765"
"2014";"SAINT-OMER";"62765"
"2014";"ARMENTIERES";"59017"
"2014";"ARMENTIERES";"59017"
"2014";"ARMENTIERES";"59017"
"2014";"ARMENTIERES";"59017"
"2014";"ARMENTIERES";"59017"
"2014";"ARMENTIERES";"59017"
"2014";"ARMENTIERES";"59017"
"2014";"ARMENTIERES";"59017"
"2006";"AVION";"62065"
"2006";"AVION";"62065"
"2017";"FRESNES-SUR-ESCAUT";"59253"
"2017";"FRESNES-SUR-ESCAUT";"59253"
"2017";"FRESNES-SUR-ESCAUT";"59253"
"2016";"ARMENTIERES";"59017"
"2016";"ARMENTIERES";"59017"
"2003";"LA GORGUE";"59268"
"2003";"LA GORGUE";"59268"
"2017";"ANVIN";"62036"
"2016";"SAINT-OMER";"62765"
"2016";"SAINT-OMER";"62765"
"2016";"SAINT-OMER";"62765"
"2016";"SAINT-OMER";"62765"
"2016";"SAINT-OMER";"62765"
"2017";"OIGNIES";"62637"
"2014";"LIEVIN";"62510"
"2007";"QUIEVRECHAIN";"59484"
"2018";"MAUBEUGE";"59392"
"2018";"MAUBEUGE";"59392"
"2018";"MAUBEUGE";"59392"
"2018";"MAUBEUGE";"59392"
"2018";"MAUBEUGE";"59392"
"2018";"MAUBEUGE";"59392"
"2018";"MAUBEUGE";"59392"
"2018";"MAUBEUGE";"59392"
"2018";"MAUBEUGE";"59392"
"2018";"MAUBEUGE";"59392"
"2018";"MAUBEUGE";"59392"
"2018";"MAUBEUGE";"59392"
"2018";"MAUBEUGE";"59392"
"2013";"LENS";"62498"
"2013";"LENS";"62498"
"2013";"LENS";"62498"
"2013";"LENS";"62498"
"2013";"LENS";"62498"
"2013";"LENS";"62498"
"2016";"DOUVRIN";"62276"
"2016";"LIEVIN";"62510"
"2016";"LIEVIN";"62510"
"2016";"LIEVIN";"62510"
"2008";"GLAGEON";"59261"
"2005";"MARQUISE";"62560"
"2005";"MARQUISE";"62560"
"2005";"MARQUISE";"62560"
"2013";"CRESPIN";"59160"
"2013";"CRESPIN";"59160"
"2013";"CRESPIN";"59160"
"2008";"VIEUX-CONDE";"59616"
"2008";"VIEUX-CONDE";"59616"
"2008";"VIEUX-CONDE";"59616"
"2003";"WATTRELOS";"59650"
"2013";"THEROUANNE";"62811"
"2016";"VILLERS-EN-CAUCHIES";"59622"
"2016";"VILLERS-EN-CAUCHIES";"59622"
"2008";"AIRE-SUR-LA-LYS";"62014"
"2015";"DENAIN";"59172"
"2015";"DENAIN";"59172"
"2015";"DENAIN";"59172"
"2015";"DENAIN";"59172"
"2015";"DENAIN";"59172"
"2015";"DENAIN";"59172"
"2015";"DENAIN";"59172"
"2015";"DENAIN";"59172"
"2015";"DENAIN";"59172"
"2015";"DENAIN";"59172"
"2015";"DENAIN";"59172"
"2015";"DENAIN";"59172"
"2015";"DENAIN";"59172"
"2015";"DENAIN";"59172"
"2015";"DENAIN";"59172"
"2015";"DENAIN";"59172"
"2015";"DENAIN";"59172"
"2015";"DENAIN";"59172"
"2015";"DENAIN";"59172"
"2015";"DENAIN";"59172"
"2015";"DENAIN";"59172"
"2015";"DENAIN";"59172"
"2015";"DENAIN";"59172"
"2016";"BOUSSIERES-SUR-SAMBRE";"59103"
"2016";"BOUSSIERES-SUR-SAMBRE";"59103"
"2016";"BOUSSIERES-SUR-SAMBRE";"59103"
"2018";"AIX-EN-ERGNY";"62017"
"2009";"QUIESTEDE";"62681"
"2009";"QUIESTEDE";"62681"
"2015";"ONNAING";"59447"
"2015";"ONNAING";"59447"
"2015";"ONNAING";"59447"
"2015";"ONNAING";"59447"
"2015";"ONNAING";"59447"
"2010";"VIEUX-CONDE";"59616"
"2011";"WATTRELOS";"59650"
"2011";"WATTRELOS";"59650"
"2011";"WATTRELOS";"59650"
"2018";"SAINT-MARTIN-D'HARDINGHEM";"62760"
"2018";"SAINT-MARTIN-D'HARDINGHEM";"62760"
"2018";"ROOST-WARENDIN";"59509"
"2018";"ROOST-WARENDIN";"59509"
"2005";"ROUBAIX";"59512"
"2005";"ROUBAIX";"59512"
"2005";"ROUBAIX";"59512"
"2005";"ROUBAIX";"59512"
"2005";"ROUBAIX";"59512"
"2005";"ROUBAIX";"59512"
"2005";"ROUBAIX";"59512"
"2005";"ROUBAIX";"59512"
"2016";"FERIN";"59228"
"2016";"FERIN";"59228"
"2018";"HENIN-BEAUMONT";"62427"
"2018";"HENIN-BEAUMONT";"62427"
"2018";"HENIN-BEAUMONT";"62427"
"2018";"HENIN-BEAUMONT";"62427"
"2006";"HENIN-BEAUMONT";"62427"
"2006";"HENIN-BEAUMONT";"62427"
"2006";"HENIN-BEAUMONT";"62427"
"2015";"ARMBOUTS-CAPPEL";"59016"
"2015";"ARMBOUTS-CAPPEL";"59016"
"2018";"MAZINGARBE";"62563"
"2017";"LEFOREST";"62497"
"2018";"OUTREAU";"62643"
"2013";"CARVIN";"62215"
"2009";"BEUVREQUEN";"62125"
"2009";"FOURMIES";"59249"
"2004";"BETHUNE";"62119"
"2012";"GRAVELINES";"59273"
"2008";"BAILLEUL";"59043"
"2008";"BAILLEUL";"59043"
"2016";"AVESNES-LES-AUBERT";"59037"
"2016";"AVESNES-LES-AUBERT";"59037"
"2016";"AVESNES-LES-AUBERT";"59037"
"2007";"LEERS";"59339"
"2011";"ROSULT";"59511"
"2012";"SAINT-ANDRE-LEZ-LILLE";"59527"
"2017";"GRAVELINES";"59273"
"2016";"LILLE";"59350"
"2016";"LILLE";"59350"
"2016";"LILLE";"59350"
"2016";"LILLE";"59350"
"2016";"LILLE";"59350"
"2016";"LILLE";"59350"
"2016";"LILLE";"59350"
"2016";"LILLE";"59350"
"2016";"LILLE";"59350"
"2016";"LILLE";"59350"
"2016";"LILLE";"59350"
"2016";"LILLE";"59350"
"2016";"LILLE";"59350"
"2016";"LILLE";"59350"
"2016";"LILLE";"59350"
"2016";"LILLE";"59350"
"2016";"LILLE";"59350"
"2016";"LILLE";"59350"
"2016";"LILLE";"59350"
"2016";"LILLE";"59350"
"2016";"LILLE";"59350"
"2016";"LILLE";"59350"
"2016";"LILLE";"59350"
"2016";"LILLE";"59350"
"2016";"LILLE";"59350"
"2016";"LILLE";"59350"
"2016";"LILLE";"59350"
"2016";"LILLE";"59350"
"2016";"LILLE";"59350"
"2016";"LILLE";"59350"
"2016";"LILLE";"59350"
"2016";"LILLE";"59350"
"2016";"LILLE";"59350"
"2011";"DUNKERQUE";"59183"
"2011";"DUNKERQUE";"59183"
"2011";"DUNKERQUE";"59183"
"2016";"BEVILLERS";"59081"
"2011";"HOUPLINES";"59317"
"2011";"HOUPLINES";"59317"
"2013";"LOUVROIL";"59365"
"2013";"LOUVROIL";"59365"
"2013";"LOUVROIL";"59365"
"2013";"LOUVROIL";"59365"
"2013";"LOUVROIL";"59365"
"2013";"LOUVROIL";"59365"
"2014";"LILLE";"59350"
"2014";"LILLE";"59350"
"2014";"LILLE";"59350"
"2014";"LILLE";"59350"
"2014";"LILLE";"59350"
"2014";"LILLE";"59350"
"2014";"LILLE";"59350"
"2014";"LILLE";"59350"
"2014";"LILLE";"59350"
"2014";"LILLE";"59350"
"2014";"LILLE";"59350"
"2014";"LILLE";"59350"
"2014";"LILLE";"59350"
"2017";"ANNEZIN";"62035"
"2018";"ANNEQUIN";"62034"
"2011";"LENS";"62498"
"2011";"LENS";"62498"
"2011";"LENS";"62498"
"2011";"LENS";"62498"
"2011";"LENS";"62498"
"2011";"LENS";"62498"
"2011";"LENS";"62498"
"2011";"LENS";"62498"
"2011";"LENS";"62498"
"2011";"LENS";"62498"
"2011";"LENS";"62498"
"2011";"LENS";"62498"
"2006";"VIEUX-CONDE";"59616"
"2007";"AULNOY-LEZ-VALENCIENNES";"59032"
"2007";"AULNOY-LEZ-VALENCIENNES";"59032"
"2007";"AULNOY-LEZ-VALENCIENNES";"59032"
"2007";"AULNOY-LEZ-VALENCIENNES";"59032"
"2007";"AULNOY-LEZ-VALENCIENNES";"59032"
"2008";"AVESNELLES";"59035"
"2007";"FRESNES-SUR-ESCAUT";"59253"
"2007";"FRESNES-SUR-ESCAUT";"59253"
"2007";"FRESNES-SUR-ESCAUT";"59253"
"2007";"FRESNES-SUR-ESCAUT";"59253"
"2010";"BERTINCOURT";"62117"
"2016";"VILLERS-SIRE-NICOLE";"59627"
"2004";"ANZIN";"59014"
"2019";"AULNOYE-AYMERIES";"59033"
"2014";"NOYELLES-SOUS-LENS";"62628"
"2014";"NOYELLES-SOUS-LENS";"62628"
"2013";"GRAND-FORT-PHILIPPE";"59272"
"2013";"GRAND-FORT-PHILIPPE";"59272"
"2010";"MAZINGARBE";"62563"
"2010";"MAZINGARBE";"62563"
"2011";"CRESPIN";"59160"
"2011";"CRESPIN";"59160"
"2004";"SAINT-NICOLAS";"62764"
"2004";"SAINT-NICOLAS";"62764"
"2017";"DROCOURT";"62277"
"2017";"DROCOURT";"62277"
"2017";"DROCOURT";"62277"
"2017";"DROCOURT";"62277"
"2016";"NOYELLES-SOUS-LENS";"62628"
"2016";"NOYELLES-SOUS-LENS";"62628"
"2016";"NOYELLES-SOUS-LENS";"62628"
"2007";"AUCHY-LES-HESDIN";"62050"
"2018";"SAINGHIN-EN-WEPPES";"59524"
"2013";"RACHES";"59486"
"2013";"RACHES";"59486"
"2013";"NIEPPE";"59431"
"2015";"AFFRINGUES";"62010"
"2016";"FAUQUEMBERGUES";"62325"
"2016";"FAUQUEMBERGUES";"62325"
"2016";"FAUQUEMBERGUES";"62325"
"2016";"FAUQUEMBERGUES";"62325"
"2014";"CALAIS";"62193"
"2014";"CALAIS";"62193"
"2003";"FLINES-LEZ-RACHES";"59239"
"2003";"LOUVROIL";"59365"
"2017";"ATTICHES";"59022"
"2003";"CARVIN";"62215"
"2006";"LE PORTEL";"62667"
"2006";"LE PORTEL";"62667"
"2017";"QUIEVRECHAIN";"59484"
"2017";"QUIEVRECHAIN";"59484"
"2017";"QUIEVRECHAIN";"59484"
"2018";"FOURMIES";"59249"
"2015";"ARQUES";"62040"
"2010";"OISY-LE-VERGER";"62638"
"2005";"BRUAY-SUR-L'ESCAUT";"59112"
"2005";"BRUAY-SUR-L'ESCAUT";"59112"
"2011";"LOISON-SOUS-LENS";"62523"
"2008";"WATTRELOS";"59650"
"2011";"COURCELLES-LES-LENS";"62249"
"2013";"HENIN-BEAUMONT";"62427"
"2013";"HENIN-BEAUMONT";"62427"
"2013";"HENIN-BEAUMONT";"62427"
"2005";"SOMAIN";"59574"
"2005";"SOMAIN";"59574"
"2018";"BREMES";"62174"
"2011";"ROELLECOURT";"62717"
"2006";"BEAUVOIR-WAVANS";"62881"
"2018";"LOUVROIL";"59365"
"2018";"LOUVROIL";"59365"
"2018";"LOUVROIL";"59365"
"2012";"ANZIN";"59014"
"2012";"ANZIN";"59014"
"2012";"ANZIN";"59014"
"2012";"ANZIN";"59014"
"2012";"ANZIN";"59014"
"2012";"ANZIN";"59014"
"2012";"ANZIN";"59014"
"2016";"AFFRINGUES";"62010"
"2005";"LIBERCOURT";"62907"
"2013";"ANNEQUIN";"62034"
"2011";"BAILLEUL";"59043"
"2011";"HERVELINGHEN";"62444"
"2014";"SAINT-VENANT";"62770"
"2017";"ANICHE";"59008"
"2016";"STEENWERCK";"59581"
"2006";"CARVIN";"62215"
"2006";"CARVIN";"62215"
"2008";"DUNKERQUE";"59183"
"2005";"AULNOYE-AYMERIES";"59033"
"2005";"AULNOYE-AYMERIES";"59033"
"2005";"AULNOYE-AYMERIES";"59033"
"2005";"AULNOYE-AYMERIES";"59033"
"2005";"ARRAS";"62041"
"2005";"ARRAS";"62041"
"2008";"BRUAY-LA-BUISSIERE";"62178"
"2008";"BRUAY-LA-BUISSIERE";"62178"
"2017";"ANZIN";"59014"
"2017";"ANZIN";"59014"
"2017";"ANZIN";"59014"
"2008";"FEIGNIES";"59225"
"2013";"OUTREAU";"62643"
"2016";"ESCAUDAIN";"59205"
"2016";"ESCAUDAIN";"59205"
"2016";"ESCAUDAIN";"59205"
"2010";"RONCQ";"59508"
"2017";"HESDIN";"62447"
"2011";"AVESNELLES";"59035"
"2011";"AVESNELLES";"59035"
"2011";"OSTRICOURT";"59452"
"2017";"BETHUNE";"62119"
"2016";"DENAIN";"59172"
"2016";"DENAIN";"59172"
"2016";"DENAIN";"59172"
"2016";"DENAIN";"59172"
"2016";"DENAIN";"59172"
"2016";"DENAIN";"59172"
"2016";"DENAIN";"59172"
"2016";"DENAIN";"59172"
"2016";"DENAIN";"59172"
"2016";"DENAIN";"59172"
"2016";"DENAIN";"59172"
"2016";"DENAIN";"59172"
"2016";"DENAIN";"59172"
"2016";"DENAIN";"59172"
"2016";"DENAIN";"59172"
"2016";"DENAIN";"59172"
"2016";"DENAIN";"59172"
"2016";"DENAIN";"59172"
"2016";"DENAIN";"59172"
"2016";"DENAIN";"59172"
"2016";"DENAIN";"59172"
"2016";"DENAIN";"59172"
"2016";"DENAIN";"59172"
"2016";"DENAIN";"59172"
"2016";"DENAIN";"59172"
"2016";"DENAIN";"59172"
"2018";"FAMARS";"59221"
"2008";"LENS";"62498"
"2008";"LENS";"62498"
"2008";"LENS";"62498"
"2008";"LENS";"62498"
"2008";"LENS";"62498"
"2008";"LENS";"62498"
"2008";"LENS";"62498"
"2008";"LENS";"62498"
"2008";"LENS";"62498"
"2008";"LENS";"62498"
"2008";"LENS";"62498"
"2008";"LENS";"62498"
"2008";"LENS";"62498"
"2008";"LENS";"62498"
"2008";"LENS";"62498"
"2008";"LENS";"62498"
"2008";"LENS";"62498"
"2008";"LENS";"62498"
"2008";"LENS";"62498"
"2014";"DENAIN";"59172"
"2014";"DENAIN";"59172"
"2014";"DENAIN";"59172"
"2014";"DENAIN";"59172"
"2014";"DENAIN";"59172"
"2014";"DENAIN";"59172"
"2014";"DENAIN";"59172"
"2014";"DENAIN";"59172"
"2014";"DENAIN";"59172"
"2014";"DENAIN";"59172"
"2014";"DENAIN";"59172"
"2014";"DENAIN";"59172"
"2014";"DENAIN";"59172"
"2014";"DENAIN";"59172"
"2014";"DENAIN";"59172"
"2014";"DENAIN";"59172"
"2014";"DENAIN";"59172"
"2014";"DENAIN";"59172"
"2014";"DENAIN";"59172"
"2014";"DENAIN";"59172"
"2014";"DENAIN";"59172"
"2014";"DENAIN";"59172"
"2014";"DENAIN";"59172"
"2014";"DENAIN";"59172"
"2014";"DENAIN";"59172"
"2014";"DENAIN";"59172"
"2014";"DENAIN";"59172"
"2014";"DENAIN";"59172"
"2014";"DENAIN";"59172"
"2014";"DENAIN";"59172"
"2014";"DENAIN";"59172"
"2014";"DENAIN";"59172"
"2014";"DENAIN";"59172"
"2014";"DENAIN";"59172"
"2014";"DENAIN";"59172"
"2014";"DENAIN";"59172"
"2014";"DENAIN";"59172"
"2014";"DENAIN";"59172"
"2015";"BACHY";"59042"
"2015";"BACHY";"59042"
"2007";"MARCK";"62548"
"2013";"GLAGEON";"59261"
"2018";"CROISILLES";"62259"
"2016";"ONNAING";"59447"
"2016";"ONNAING";"59447"
"2016";"ONNAING";"59447"
"2016";"ONNAING";"59447"
"2016";"ONNAING";"59447"
"2016";"ONNAING";"59447"
"2016";"ONNAING";"59447"
"2016";"ONNAING";"59447"
"2016";"ONNAING";"59447"
"2016";"ONNAING";"59447"
"2010";"BEAUVOIR-WAVANS";"62881"
"2008";"CRESPIN";"59160"
"2008";"CRESPIN";"59160"
"2011";"MAUBEUGE";"59392"
"2011";"MAUBEUGE";"59392"
"2015";"BETTIGNIES";"59076"
"2013";"VIEUX-CONDE";"59616"
"2014";"ARMBOUTS-CAPPEL";"59016"
"2014";"ARMBOUTS-CAPPEL";"59016"
"2014";"ARMBOUTS-CAPPEL";"59016"
"2014";"ARMBOUTS-CAPPEL";"59016"
"2014";"ARMBOUTS-CAPPEL";"59016"
"2014";"ARMBOUTS-CAPPEL";"59016"
"2014";"ARMBOUTS-CAPPEL";"59016"
"2012";"TEMPLEUVE-EN-PEVELE";"59586"
"2012";"TEMPLEUVE-EN-PEVELE";"59586"
"2016";"FLERS-EN-ESCREBIEUX";"59234"
"2004";"GRAVELINES";"59273"
"2012";"HESDIN";"62447"
"2009";"RONCQ";"59508"
"2012";"BETHUNE";"62119"
"2012";"BETHUNE";"62119"
"2012";"BETHUNE";"62119"
"2014";"FLERS-EN-ESCREBIEUX";"59234"
"2008";"BREBIERES";"62173"
"2011";"MAISNIL-LES-RUITZ";"62540"
"2009";"CARVIN";"62215"
"2009";"CARVIN";"62215"
"2009";"CARVIN";"62215"
"2009";"CARVIN";"62215"
"2009";"CARVIN";"62215"
"2009";"CARVIN";"62215"
"2009";"CARVIN";"62215"
"2009";"MONCHEAUX";"59408"
"2004";"MERIGNIES";"59398"
"2010";"LOUVROIL";"59365"
"2010";"LOUVROIL";"59365"
"2015";"AVESNES-LES-AUBERT";"59037"
"2016";"BALINGHEM";"62078"
"2016";"BILLY-BERCLAU";"62132"
"2010";"MARLES-LES-MINES";"62555"
"2017";"CLERQUES";"62228"
"2007";"SAINT-MARTIN-BOULOGNE";"62758"
"2015";"LILLE";"59350"
"2015";"LILLE";"59350"
"2015";"LILLE";"59350"
"2015";"LILLE";"59350"
"2015";"LILLE";"59350"
"2015";"LILLE";"59350"
"2015";"LILLE";"59350"
"2015";"LILLE";"59350"
"2015";"LILLE";"59350"
"2015";"LILLE";"59350"
"2015";"LILLE";"59350"
"2015";"LILLE";"59350"
"2015";"LILLE";"59350"
"2015";"LILLE";"59350"
"2015";"LILLE";"59350"
"2015";"LILLE";"59350"
"2013";"NOYELLES-GODAULT";"62624"
"2013";"NOYELLES-GODAULT";"62624"
"2013";"NOYELLES-GODAULT";"62624"
"2008";"RAIMBEAUCOURT";"59489"
"2010";"CARVIN";"62215"
"2009";"LOUVROIL";"59365"
"2009";"LOUVROIL";"59365"
"2009";"LOUVROIL";"59365"
"2009";"LOUVROIL";"59365"
"2009";"LOUVROIL";"59365"
"2009";"TRELON";"59601"
